Protein id	Contig id	Start	Stop	Strand	Element symbol	Element name	Scope	Type	Subtype	Class	Subclass	Method	Target length	Reference sequence length	% Coverage of reference	% Identity to reference	Alignment length	Closest reference accession	Closest reference name	HMM accession	HMM description
GCF_009662315.1_ASM966231v1	NA	NZ_CP045739.1	1021027	1021830	+	aph(3')-IIb	aminoglycoside O-phosphotransferase APH(3')-IIb	core	AMR	AMR	AMINOGLYCOSIDE	KANAMYCIN	BLASTX	268	268	100.00	99.25	268	WP_003113011.1	aminoglycoside O-phosphotransferase APH(3')-IIb	NA	NA
GCF_009662315.1_ASM966231v1	NA	NZ_CP045739.1	1034179	1035369	-	blaPDC-3	extended-spectrum class C beta-lactamase PDC-3	core	AMR	AMR	BETA-LACTAM	CEPHALOSPORIN	ALLELEX	397	397	100.00	100.00	397	WP_003121934.1	extended-spectrum class C beta-lactamase PDC-3	NA	NA
GCF_009662315.1_ASM966231v1	NA	NZ_CP045739.1	1592480	1593118	-	nalC_G71E	Pseudomonas aeruginosa carbapenem resistant NalC	core	AMR	POINT	BETA-LACTAM	CARBAPENEM	POINTX	213	213	100.00	99.53	213	WP_003113837.1	efflux system transcriptional repressor NalC	NA	NA
GCF_009662315.1_ASM966231v1	NA	NZ_CP045739.1	2176893	2179655	+	gyrA_T83I	Pseudomonas aeruginosa quinolone resistant GyrA	core	AMR	POINT	QUINOLONE	QUINOLONE	POINTX	921	923	100.00	99.13	923	WP_003091448.1	DNA gyrase subunit A GyrA	NA	NA
GCF_009662315.1_ASM966231v1	NA	NZ_CP045739.1	3527697	3528095	+	aac(6')-29a	aminoglycoside N-acetyltransferase AAC(6')-29a	core	AMR	AMR	AMINOGLYCOSIDE	AMINOGLYCOSIDE	ALLELEX	133	133	100.00	100.00	133	WP_064190968.1	aminoglycoside N-acetyltransferase AAC(6')-29a	NA	NA
GCF_009662315.1_ASM966231v1	NA	NZ_CP045739.1	3528229	3529026	+	blaVIM-2	subclass B1 metallo-beta-lactamase VIM-2	core	AMR	AMR	BETA-LACTAM	CARBAPENEM	ALLELEX	266	266	100.00	100.00	266	WP_003108247.1	subclass B1 metallo-beta-lactamase VIM-2	NA	NA
GCF_009662315.1_ASM966231v1	NA	NZ_CP045739.1	3529219	3529617	+	aac(6')-29b	aminoglycoside N-acetyltransferase AAC(6')-29b	core	AMR	AMR	AMINOGLYCOSIDE	AMINOGLYCOSIDE	ALLELEX	133	133	100.00	100.00	133	WP_064190969.1	aminoglycoside N-acetyltransferase AAC(6')-29b	NA	NA
GCF_009662315.1_ASM966231v1	NA	NZ_CP045739.1	3529823	3530167	+	qacEdelta1	quaternary ammonium compound efflux SMR transporter QacE delta 1	core	STRESS	BIOCIDE	QUATERNARY AMMONIUM	QUATERNARY AMMONIUM	ALLELEX	115	115	100.00	100.00	115	WP_000679427.1	quaternary ammonium compound efflux SMR transporter QacE delta 1	NA	NA
GCF_009662315.1_ASM966231v1	NA	NZ_CP045739.1	3530164	3531000	+	sul1	sulfonamide-resistant dihydropteroate synthase Sul1	core	AMR	AMR	SULFONAMIDE	SULFONAMIDE	EXACTX	279	279	100.00	100.00	279	WP_000259031.1	sulfonamide-resistant dihydropteroate synthase Sul1	NA	NA
GCF_009662315.1_ASM966231v1	NA	NZ_CP045739.1	4948507	4948911	-	fosA	FosA family fosfomycin resistance glutathione transferase	core	AMR	AMR	FOSFOMYCIN	FOSFOMYCIN	INTERNAL_STOP	135	135	100.00	98.52	135	WP_003082280.1	FosA family fosfomycin resistance glutathione transferase	NA	NA
GCF_009662315.1_ASM966231v1	NA	NZ_CP045739.1	5125019	5126341	+	oprD_W277Ter	Pseudomonas aeruginosa carbapenem resistant OprD	core	AMR	POINT	BETA-LACTAM	CARBAPENEM	POINTX	441	443	100.00	93.23	443	WP_003112576.1	outer membrane porin OprD	NA	NA
GCF_009662315.1_ASM966231v1	NA	NZ_CP045739.1	5406093	5406728	+	catB7	type B-4 chloramphenicol O-acetyltransferase CatB7	core	AMR	AMR	PHENICOL	CHLORAMPHENICOL	BLASTX	212	212	100.00	99.06	212	WP_003112709.1	type B-4 chloramphenicol O-acetyltransferase CatB7	NA	NA
GCF_009662315.1_ASM966231v1	NA	NZ_CP045739.1	6121110	6121847	+	blaIMP-18	subclass B1 metallo-beta-lactamase IMP-18	core	AMR	AMR	BETA-LACTAM	CARBAPENEM	ALLELEX	246	246	100.00	100.00	246	WP_063848609.1	subclass B1 metallo-beta-lactamase IMP-18	NA	NA
GCF_009662315.1_ASM966231v1	NA	NZ_CP045739.1	6122322	6123146	+	blaOXA-2	oxacillin-hydrolyzing class D beta-lactamase OXA-2	core	AMR	AMR	BETA-LACTAM	BETA-LACTAM	ALLELEX	275	275	100.00	100.00	275	WP_001007673.1	oxacillin-hydrolyzing class D beta-lactamase OXA-2	NA	NA
GCF_009662315.1_ASM966231v1	NA	NZ_CP045739.1	6123201	6123752	+	aac(6')-Ib	AAC(6')-Ib family aminoglycoside 6'-N-acetyltransferase	core	AMR	AMR	AMINOGLYCOSIDE	GENTAMICIN	EXACTX	184	184	100.00	100.00	184	WP_012695458.1	AAC(6')-Ib family aminoglycoside 6'-N-acetyltransferase	NA	NA
GCF_009662315.1_ASM966231v1	NA	NZ_CP045739.1	6123924	6124268	+	qacEdelta1	quaternary ammonium compound efflux SMR transporter QacE delta 1	core	STRESS	BIOCIDE	QUATERNARY AMMONIUM	QUATERNARY AMMONIUM	ALLELEX	115	115	100.00	100.00	115	WP_000679427.1	quaternary ammonium compound efflux SMR transporter QacE delta 1	NA	NA
GCF_009662315.1_ASM966231v1	NA	NZ_CP045739.1	6124265	6125101	+	sul1	sulfonamide-resistant dihydropteroate synthase Sul1	core	AMR	AMR	SULFONAMIDE	SULFONAMIDE	EXACTX	279	279	100.00	100.00	279	WP_000259031.1	sulfonamide-resistant dihydropteroate synthase Sul1	NA	NA
GCF_009662315.1_ASM966231v1	NA	NZ_CP045739.1	6213606	6215036	+	pmrB_V15I	Pseudomonas aeruginosa colistin resistant PmrB	core	AMR	POINT	COLISTIN	COLISTIN	POINTX	477	477	100.00	98.74	477	WP_003112923.1	two-component system sensor histidine kinase PmrB	NA	NA
GCF_009662315.1_ASM966231v1	NA	NZ_CP045739.1	6419451	6421712	-	parC_S87L	Pseudomonas aeruginosa quinolone resistant ParC	core	AMR	POINT	QUINOLONE	QUINOLONE	POINTX	754	754	100.00	99.87	754	WP_003095687.1	DNA topoisomerase IV subunit A ParC	NA	NA
GCF_009662315.1_ASM966231v1	NA	NZ_CP045739.1	7101199	7101984	+	blaOXA-395	OXA-50 family oxacillin-hydrolyzing class D beta-lactamase OXA-395	core	AMR	AMR	BETA-LACTAM	BETA-LACTAM	ALLELEX	262	262	100.00	100.00	262	WP_015649877.1	OXA-50 family oxacillin-hydrolyzing class D beta-lactamase OXA-395	NA	NA
GCF_015697665.1_ASM1569766v1	NA	NZ_CP060243.1	993980	994783	+	aph(3')-IIb	aminoglycoside O-phosphotransferase APH(3')-IIb	core	AMR	AMR	AMINOGLYCOSIDE	KANAMYCIN	BLASTX	268	268	100.00	99.25	268	WP_003113011.1	aminoglycoside O-phosphotransferase APH(3')-IIb	NA	NA
GCF_015697665.1_ASM1569766v1	NA	NZ_CP060243.1	1007132	1008322	-	blaPDC-3	extended-spectrum class C beta-lactamase PDC-3	core	AMR	AMR	BETA-LACTAM	CEPHALOSPORIN	ALLELEX	397	397	100.00	100.00	397	WP_003121934.1	extended-spectrum class C beta-lactamase PDC-3	NA	NA
GCF_015697665.1_ASM1569766v1	NA	NZ_CP060243.1	1565433	1566071	-	nalC_G71E	Pseudomonas aeruginosa carbapenem resistant NalC	core	AMR	POINT	BETA-LACTAM	CARBAPENEM	POINTX	213	213	100.00	99.53	213	WP_003113837.1	efflux system transcriptional repressor NalC	NA	NA
GCF_015697665.1_ASM1569766v1	NA	NZ_CP060243.1	2187027	2189789	+	gyrA_T83I	Pseudomonas aeruginosa quinolone resistant GyrA	core	AMR	POINT	QUINOLONE	QUINOLONE	POINTX	921	923	100.00	99.13	923	WP_003091448.1	DNA gyrase subunit A GyrA	NA	NA
GCF_015697665.1_ASM1569766v1	NA	NZ_CP060243.1	3444280	3444831	+	aac(6')-Ib3	aminoglycoside N-acetyltransferase AAC(6')-Ib3	core	AMR	AMR	AMINOGLYCOSIDE	AMIKACIN/KANAMYCIN/TOBRAMYCIN	ALLELEX	184	184	100.00	100.00	184	WP_032488579.1	aminoglycoside N-acetyltransferase AAC(6')-Ib3	NA	NA
GCF_015697665.1_ASM1569766v1	NA	NZ_CP060243.1	3445101	3446327	+	cmlB	chloramphenicol efflux MFS transporter CmlB	core	AMR	AMR	PHENICOL	CHLORAMPHENICOL	EXACTX	409	409	100.00	100.00	409	WP_032492328.1	chloramphenicol efflux MFS transporter CmlB	NA	NA
GCF_015697665.1_ASM1569766v1	NA	NZ_CP060243.1	3446488	3447309	+	blaOXA-9	oxacillin-hydrolyzing class D beta-lactamase OXA-9	core	AMR	AMR	BETA-LACTAM	BETA-LACTAM	ALLELEX	274	274	100.00	100.00	274	WP_000722315.1	oxacillin-hydrolyzing class D beta-lactamase OXA-9	NA	NA
GCF_015697665.1_ASM1569766v1	NA	NZ_CP060243.1	3447508	3447852	+	qacEdelta1	quaternary ammonium compound efflux SMR transporter QacE delta 1	core	STRESS	BIOCIDE	QUATERNARY AMMONIUM	QUATERNARY AMMONIUM	ALLELEX	115	115	100.00	100.00	115	WP_000679427.1	quaternary ammonium compound efflux SMR transporter QacE delta 1	NA	NA
GCF_015697665.1_ASM1569766v1	NA	NZ_CP060243.1	3447849	3448685	+	sul1	sulfonamide-resistant dihydropteroate synthase Sul1	core	AMR	AMR	SULFONAMIDE	SULFONAMIDE	EXACTX	279	279	100.00	100.00	279	WP_000259031.1	sulfonamide-resistant dihydropteroate synthase Sul1	NA	NA
GCF_015697665.1_ASM1569766v1	NA	NZ_CP060243.1	4813478	4813882	-	fosA	FosA family fosfomycin resistance glutathione transferase	core	AMR	AMR	FOSFOMYCIN	FOSFOMYCIN	INTERNAL_STOP	135	135	100.00	98.52	135	WP_003082280.1	FosA family fosfomycin resistance glutathione transferase	NA	NA
GCF_015697665.1_ASM1569766v1	NA	NZ_CP060243.1	5310086	5310922	-	sul1	sulfonamide-resistant dihydropteroate synthase Sul1	core	AMR	AMR	SULFONAMIDE	SULFONAMIDE	EXACTX	279	279	100.00	100.00	279	WP_000259031.1	sulfonamide-resistant dihydropteroate synthase Sul1	NA	NA
GCF_015697665.1_ASM1569766v1	NA	NZ_CP060243.1	5310919	5311263	-	qacEdelta1	quaternary ammonium compound efflux SMR transporter QacE delta 1	core	STRESS	BIOCIDE	QUATERNARY AMMONIUM	QUATERNARY AMMONIUM	ALLELEX	115	115	100.00	100.00	115	WP_000679427.1	quaternary ammonium compound efflux SMR transporter QacE delta 1	NA	NA
GCF_015697665.1_ASM1569766v1	NA	NZ_CP060243.1	5311430	5312218	-	aadA2	ANT(3'')-Ia family aminoglycoside nucleotidyltransferase AadA2	core	AMR	AMR	AMINOGLYCOSIDE	STREPTOMYCIN	EXACTX	263	263	100.00	100.00	263	WP_001261740.1	ANT(3'')-Ia family aminoglycoside nucleotidyltransferase AadA2	NA	NA
GCF_015697665.1_ASM1569766v1	NA	NZ_CP060243.1	5312339	5313202	-	blaCARB-2	PSE family carbenicillin-hydrolyzing class A beta-lactamase CARB-2	core	AMR	AMR	BETA-LACTAM	BETA-LACTAM	ALLELEX	288	288	100.00	100.00	288	WP_001931474.1	PSE family carbenicillin-hydrolyzing class A beta-lactamase CARB-2	NA	NA
GCF_015697665.1_ASM1569766v1	NA	NZ_CP060243.1	5313335	5313886	-	aac(6')-Ib'	aminoglycoside N-acetyltransferase AAC(6')-Ib'	core	AMR	AMR	AMINOGLYCOSIDE	GENTAMICIN	EXACTX	184	184	100.00	100.00	184	WP_014454105.1	aminoglycoside N-acetyltransferase AAC(6')-Ib'	NA	NA
GCF_015697665.1_ASM1569766v1	NA	NZ_CP060243.1	5349011	5349646	+	catB7	type B-4 chloramphenicol O-acetyltransferase CatB7	core	AMR	AMR	PHENICOL	CHLORAMPHENICOL	BLASTX	212	212	100.00	99.06	212	WP_003112709.1	type B-4 chloramphenicol O-acetyltransferase CatB7	NA	NA
GCF_015697665.1_ASM1569766v1	NA	NZ_CP060243.1	6193641	6195071	+	pmrB_V15I	Pseudomonas aeruginosa colistin resistant PmrB	core	AMR	POINT	COLISTIN	COLISTIN	POINTX	477	477	100.00	98.74	477	WP_003112923.1	two-component system sensor histidine kinase PmrB	NA	NA
GCF_015697665.1_ASM1569766v1	NA	NZ_CP060243.1	6399486	6401747	-	parC_S87W	Pseudomonas aeruginosa quinolone resistant ParC	core	AMR	POINT	QUINOLONE	QUINOLONE	POINTX	754	754	100.00	99.87	754	WP_003095687.1	DNA topoisomerase IV subunit A ParC	NA	NA
GCF_015697665.1_ASM1569766v1	NA	NZ_CP060243.1	7050809	7051594	+	blaOXA	OXA-50 family oxacillin-hydrolyzing class D beta-lactamase	core	AMR	AMR	BETA-LACTAM	BETA-LACTAM	BLASTX	262	262	100.00	99.62	262	WP_015649877.1	OXA-50 family oxacillin-hydrolyzing class D beta-lactamase OXA-395	NA	NA
GCF_023093935.1_ASM2309393v1	NA	NZ_CP095770.1	613307	613945	+	nalC_G71E	Pseudomonas aeruginosa carbapenem resistant NalC	core	AMR	POINT	BETA-LACTAM	CARBAPENEM	POINTX	213	213	100.00	99.53	213	WP_003113837.1	efflux system transcriptional repressor NalC	NA	NA
GCF_023093935.1_ASM2309393v1	NA	NZ_CP095770.1	1177490	1178680	+	blaPDC-3	extended-spectrum class C beta-lactamase PDC-3	core	AMR	AMR	BETA-LACTAM	CEPHALOSPORIN	ALLELEX	397	397	100.00	100.00	397	WP_003121934.1	extended-spectrum class C beta-lactamase PDC-3	NA	NA
GCF_023093935.1_ASM2309393v1	NA	NZ_CP095770.1	1196688	1197491	-	aph(3')-IIb	aminoglycoside O-phosphotransferase APH(3')-IIb	core	AMR	AMR	AMINOGLYCOSIDE	KANAMYCIN	BLASTX	268	268	100.00	99.25	268	WP_003113011.1	aminoglycoside O-phosphotransferase APH(3')-IIb	NA	NA
GCF_023093935.1_ASM2309393v1	NA	NZ_CP095770.1	2271755	2274517	+	gyrA_T83I	Pseudomonas aeruginosa quinolone resistant GyrA	core	AMR	POINT	QUINOLONE	QUINOLONE	POINTX	921	923	100.00	99.13	923	WP_003091448.1	DNA gyrase subunit A GyrA	NA	NA
GCF_023093935.1_ASM2309393v1	NA	NZ_CP095770.1	3671805	3672203	+	aac(6')-29a	aminoglycoside N-acetyltransferase AAC(6')-29a	core	AMR	AMR	AMINOGLYCOSIDE	AMINOGLYCOSIDE	ALLELEX	133	133	100.00	100.00	133	WP_064190968.1	aminoglycoside N-acetyltransferase AAC(6')-29a	NA	NA
GCF_023093935.1_ASM2309393v1	NA	NZ_CP095770.1	3672337	3673134	+	blaVIM-2	subclass B1 metallo-beta-lactamase VIM-2	core	AMR	AMR	BETA-LACTAM	CARBAPENEM	ALLELEX	266	266	100.00	100.00	266	WP_003108247.1	subclass B1 metallo-beta-lactamase VIM-2	NA	NA
GCF_023093935.1_ASM2309393v1	NA	NZ_CP095770.1	3673327	3673725	+	aac(6')-29b	aminoglycoside N-acetyltransferase AAC(6')-29b	core	AMR	AMR	AMINOGLYCOSIDE	AMINOGLYCOSIDE	ALLELEX	133	133	100.00	100.00	133	WP_064190969.1	aminoglycoside N-acetyltransferase AAC(6')-29b	NA	NA
GCF_023093935.1_ASM2309393v1	NA	NZ_CP095770.1	3673931	3674275	+	qacEdelta1	quaternary ammonium compound efflux SMR transporter QacE delta 1	core	STRESS	BIOCIDE	QUATERNARY AMMONIUM	QUATERNARY AMMONIUM	ALLELEX	115	115	100.00	100.00	115	WP_000679427.1	quaternary ammonium compound efflux SMR transporter QacE delta 1	NA	NA
GCF_023093935.1_ASM2309393v1	NA	NZ_CP095770.1	3674272	3675108	+	sul1	sulfonamide-resistant dihydropteroate synthase Sul1	core	AMR	AMR	SULFONAMIDE	SULFONAMIDE	EXACTX	279	279	100.00	100.00	279	WP_000259031.1	sulfonamide-resistant dihydropteroate synthase Sul1	NA	NA
GCF_023093935.1_ASM2309393v1	NA	NZ_CP095770.1	5114608	5115012	-	fosA	FosA family fosfomycin resistance glutathione transferase	core	AMR	AMR	FOSFOMYCIN	FOSFOMYCIN	INTERNAL_STOP	135	135	100.00	98.52	135	WP_003082280.1	FosA family fosfomycin resistance glutathione transferase	NA	NA
GCF_023093935.1_ASM2309393v1	NA	NZ_CP095770.1	5572194	5572829	+	catB7	type B-4 chloramphenicol O-acetyltransferase CatB7	core	AMR	AMR	PHENICOL	CHLORAMPHENICOL	BLASTX	212	212	100.00	99.06	212	WP_003112709.1	type B-4 chloramphenicol O-acetyltransferase CatB7	NA	NA
GCF_023093935.1_ASM2309393v1	NA	NZ_CP095770.1	6227720	6228598	+	blaKPC-3	carbapenem-hydrolyzing class A beta-lactamase KPC-3	core	AMR	AMR	BETA-LACTAM	CARBAPENEM	ALLELEX	293	293	100.00	100.00	293	WP_004152396.1	carbapenem-hydrolyzing class A beta-lactamase KPC-3	NA	NA
GCF_023093935.1_ASM2309393v1	NA	NZ_CP095770.1	6423192	6424622	+	pmrB_V15I	Pseudomonas aeruginosa colistin resistant PmrB	core	AMR	POINT	COLISTIN	COLISTIN	POINTX	477	477	100.00	98.74	477	WP_003112923.1	two-component system sensor histidine kinase PmrB	NA	NA
GCF_023093935.1_ASM2309393v1	NA	NZ_CP095770.1	6629037	6631298	-	parC_S87L	Pseudomonas aeruginosa quinolone resistant ParC	core	AMR	POINT	QUINOLONE	QUINOLONE	POINTX	754	754	100.00	99.87	754	WP_003095687.1	DNA topoisomerase IV subunit A ParC	NA	NA
GCF_023093935.1_ASM2309393v1	NA	NZ_CP095770.1	7322011	7322796	+	blaOXA-395	OXA-50 family oxacillin-hydrolyzing class D beta-lactamase OXA-395	core	AMR	AMR	BETA-LACTAM	BETA-LACTAM	ALLELEX	262	262	100.00	100.00	262	WP_015649877.1	OXA-50 family oxacillin-hydrolyzing class D beta-lactamase OXA-395	NA	NA
GCF_025723085.1_ASM2572308v1	NA	NZ_CP086213.1	1015363	1016166	+	aph(3')-IIb	aminoglycoside O-phosphotransferase APH(3')-IIb	core	AMR	AMR	AMINOGLYCOSIDE	KANAMYCIN	BLASTX	268	268	100.00	99.25	268	WP_003113011.1	aminoglycoside O-phosphotransferase APH(3')-IIb	NA	NA
GCF_025723085.1_ASM2572308v1	NA	NZ_CP086213.1	1028515	1029705	-	blaPDC-3	extended-spectrum class C beta-lactamase PDC-3	core	AMR	AMR	BETA-LACTAM	CEPHALOSPORIN	ALLELEX	397	397	100.00	100.00	397	WP_003121934.1	extended-spectrum class C beta-lactamase PDC-3	NA	NA
GCF_025723085.1_ASM2572308v1	NA	NZ_CP086213.1	1586816	1587454	-	nalC_G71E	Pseudomonas aeruginosa carbapenem resistant NalC	core	AMR	POINT	BETA-LACTAM	CARBAPENEM	POINTX	213	213	100.00	99.53	213	WP_003113837.1	efflux system transcriptional repressor NalC	NA	NA
GCF_025723085.1_ASM2572308v1	NA	NZ_CP086213.1	2171326	2174088	+	gyrA_T83I	Pseudomonas aeruginosa quinolone resistant GyrA	core	AMR	POINT	QUINOLONE	QUINOLONE	POINTX	921	923	100.00	99.13	923	WP_003091448.1	DNA gyrase subunit A GyrA	NA	NA
GCF_025723085.1_ASM2572308v1	NA	NZ_CP086213.1	3577037	3577435	+	aac(6')-29a	aminoglycoside N-acetyltransferase AAC(6')-29a	core	AMR	AMR	AMINOGLYCOSIDE	AMINOGLYCOSIDE	ALLELEX	133	133	100.00	100.00	133	WP_064190968.1	aminoglycoside N-acetyltransferase AAC(6')-29a	NA	NA
GCF_025723085.1_ASM2572308v1	NA	NZ_CP086213.1	3577569	3578366	+	blaVIM-2	subclass B1 metallo-beta-lactamase VIM-2	core	AMR	AMR	BETA-LACTAM	CARBAPENEM	ALLELEX	266	266	100.00	100.00	266	WP_003108247.1	subclass B1 metallo-beta-lactamase VIM-2	NA	NA
GCF_025723085.1_ASM2572308v1	NA	NZ_CP086213.1	3578559	3578957	+	aac(6')-29b	aminoglycoside N-acetyltransferase AAC(6')-29b	core	AMR	AMR	AMINOGLYCOSIDE	AMINOGLYCOSIDE	ALLELEX	133	133	100.00	100.00	133	WP_064190969.1	aminoglycoside N-acetyltransferase AAC(6')-29b	NA	NA
GCF_025723085.1_ASM2572308v1	NA	NZ_CP086213.1	3579163	3579507	+	qacEdelta1	quaternary ammonium compound efflux SMR transporter QacE delta 1	core	STRESS	BIOCIDE	QUATERNARY AMMONIUM	QUATERNARY AMMONIUM	ALLELEX	115	115	100.00	100.00	115	WP_000679427.1	quaternary ammonium compound efflux SMR transporter QacE delta 1	NA	NA
GCF_025723085.1_ASM2572308v1	NA	NZ_CP086213.1	3579504	3580340	+	sul1	sulfonamide-resistant dihydropteroate synthase Sul1	core	AMR	AMR	SULFONAMIDE	SULFONAMIDE	EXACTX	279	279	100.00	100.00	279	WP_000259031.1	sulfonamide-resistant dihydropteroate synthase Sul1	NA	NA
GCF_025723085.1_ASM2572308v1	NA	NZ_CP086213.1	4927465	4927869	-	fosA	FosA family fosfomycin resistance glutathione transferase	core	AMR	AMR	FOSFOMYCIN	FOSFOMYCIN	INTERNAL_STOP	135	135	100.00	98.52	135	WP_003082280.1	FosA family fosfomycin resistance glutathione transferase	NA	NA
GCF_025723085.1_ASM2572308v1	NA	NZ_CP086213.1	5482869	5483504	+	catB7	type B-4 chloramphenicol O-acetyltransferase CatB7	core	AMR	AMR	PHENICOL	CHLORAMPHENICOL	BLASTX	212	212	100.00	99.06	212	WP_003112709.1	type B-4 chloramphenicol O-acetyltransferase CatB7	NA	NA
GCF_025723085.1_ASM2572308v1	NA	NZ_CP086213.1	6277322	6278752	+	pmrB_V15I	Pseudomonas aeruginosa colistin resistant PmrB	core	AMR	POINT	COLISTIN	COLISTIN	POINTX	477	477	100.00	98.74	477	WP_003112923.1	two-component system sensor histidine kinase PmrB	NA	NA
GCF_025723085.1_ASM2572308v1	NA	NZ_CP086213.1	6483152	6485413	-	parC_S87L	Pseudomonas aeruginosa quinolone resistant ParC	core	AMR	POINT	QUINOLONE	QUINOLONE	POINTX	754	754	100.00	99.87	754	WP_003095687.1	DNA topoisomerase IV subunit A ParC	NA	NA
GCF_025723085.1_ASM2572308v1	NA	NZ_CP086213.1	7137315	7138100	+	blaOXA-395	OXA-50 family oxacillin-hydrolyzing class D beta-lactamase OXA-395	core	AMR	AMR	BETA-LACTAM	BETA-LACTAM	ALLELEX	262	262	100.00	100.00	262	WP_015649877.1	OXA-50 family oxacillin-hydrolyzing class D beta-lactamase OXA-395	NA	NA
GCF_028403965.1_ASM2840396v1	NA	NZ_CP116715.1	1023575	1024378	+	aph(3')-IIb	aminoglycoside O-phosphotransferase APH(3')-IIb	core	AMR	AMR	AMINOGLYCOSIDE	KANAMYCIN	BLASTX	268	268	100.00	99.25	268	WP_003113011.1	aminoglycoside O-phosphotransferase APH(3')-IIb	NA	NA
GCF_028403965.1_ASM2840396v1	NA	NZ_CP116715.1	1036727	1037917	-	blaPDC-3	extended-spectrum class C beta-lactamase PDC-3	core	AMR	AMR	BETA-LACTAM	CEPHALOSPORIN	ALLELEX	397	397	100.00	100.00	397	WP_003121934.1	extended-spectrum class C beta-lactamase PDC-3	NA	NA
GCF_028403965.1_ASM2840396v1	NA	NZ_CP116715.1	1595019	1595657	-	nalC_G71E	Pseudomonas aeruginosa carbapenem resistant NalC	core	AMR	POINT	BETA-LACTAM	CARBAPENEM	POINTX	213	213	100.00	99.53	213	WP_003113837.1	efflux system transcriptional repressor NalC	NA	NA
GCF_028403965.1_ASM2840396v1	NA	NZ_CP116715.1	2179532	2182294	+	gyrA_T83I	Pseudomonas aeruginosa quinolone resistant GyrA	core	AMR	POINT	QUINOLONE	QUINOLONE	POINTX	921	923	100.00	99.13	923	WP_003091448.1	DNA gyrase subunit A GyrA	NA	NA
GCF_028403965.1_ASM2840396v1	NA	NZ_CP116715.1	4797059	4797463	-	fosA	FosA family fosfomycin resistance glutathione transferase	core	AMR	AMR	FOSFOMYCIN	FOSFOMYCIN	INTERNAL_STOP	135	135	100.00	98.52	135	WP_003082280.1	FosA family fosfomycin resistance glutathione transferase	NA	NA
GCF_028403965.1_ASM2840396v1	NA	NZ_CP116715.1	4973571	4974893	+	oprD_W417Ter	Pseudomonas aeruginosa carbapenem resistant OprD	core	AMR	POINT	BETA-LACTAM	CARBAPENEM	POINTX	441	443	100.00	93.23	443	WP_003112576.1	outer membrane porin OprD	NA	NA
GCF_028403965.1_ASM2840396v1	NA	NZ_CP116715.1	5310444	5310995	+	aac(6')-Ib'	aminoglycoside N-acetyltransferase AAC(6')-Ib'	core	AMR	AMR	AMINOGLYCOSIDE	GENTAMICIN	EXACTX	184	184	100.00	100.00	184	WP_014454105.1	aminoglycoside N-acetyltransferase AAC(6')-Ib'	NA	NA
GCF_028403965.1_ASM2840396v1	NA	NZ_CP116715.1	5311128	5311991	+	blaCARB-2	PSE family carbenicillin-hydrolyzing class A beta-lactamase CARB-2	core	AMR	AMR	BETA-LACTAM	BETA-LACTAM	ALLELEX	288	288	100.00	100.00	288	WP_001931474.1	PSE family carbenicillin-hydrolyzing class A beta-lactamase CARB-2	NA	NA
GCF_028403965.1_ASM2840396v1	NA	NZ_CP116715.1	5312112	5312900	+	aadA2	ANT(3'')-Ia family aminoglycoside nucleotidyltransferase AadA2	core	AMR	AMR	AMINOGLYCOSIDE	STREPTOMYCIN	EXACTX	263	263	100.00	100.00	263	WP_001261740.1	ANT(3'')-Ia family aminoglycoside nucleotidyltransferase AadA2	NA	NA
GCF_028403965.1_ASM2840396v1	NA	NZ_CP116715.1	5313067	5313411	+	qacEdelta1	quaternary ammonium compound efflux SMR transporter QacE delta 1	core	STRESS	BIOCIDE	QUATERNARY AMMONIUM	QUATERNARY AMMONIUM	ALLELEX	115	115	100.00	100.00	115	WP_000679427.1	quaternary ammonium compound efflux SMR transporter QacE delta 1	NA	NA
GCF_028403965.1_ASM2840396v1	NA	NZ_CP116715.1	5313408	5314244	+	sul1	sulfonamide-resistant dihydropteroate synthase Sul1	core	AMR	AMR	SULFONAMIDE	SULFONAMIDE	EXACTX	279	279	100.00	100.00	279	WP_000259031.1	sulfonamide-resistant dihydropteroate synthase Sul1	NA	NA
GCF_028403965.1_ASM2840396v1	NA	NZ_CP116715.1	5319973	5320608	+	catB7	type B-4 chloramphenicol O-acetyltransferase CatB7	core	AMR	AMR	PHENICOL	CHLORAMPHENICOL	BLASTX	212	212	100.00	99.06	212	WP_003112709.1	type B-4 chloramphenicol O-acetyltransferase CatB7	NA	NA
GCF_028403965.1_ASM2840396v1	NA	NZ_CP116715.1	6102054	6103484	+	pmrB_V15I	Pseudomonas aeruginosa colistin resistant PmrB	core	AMR	POINT	COLISTIN	COLISTIN	POINTX	477	477	100.00	98.74	477	WP_003112923.1	two-component system sensor histidine kinase PmrB	NA	NA
GCF_028403965.1_ASM2840396v1	NA	NZ_CP116715.1	6307899	6310160	-	parC_S87L	Pseudomonas aeruginosa quinolone resistant ParC	core	AMR	POINT	QUINOLONE	QUINOLONE	POINTX	754	754	100.00	99.87	754	WP_003095687.1	DNA topoisomerase IV subunit A ParC	NA	NA
GCF_028403965.1_ASM2840396v1	NA	NZ_CP116715.1	6953678	6954463	+	blaOXA-395	OXA-50 family oxacillin-hydrolyzing class D beta-lactamase OXA-395	core	AMR	AMR	BETA-LACTAM	BETA-LACTAM	ALLELEX	262	262	100.00	100.00	262	WP_015649877.1	OXA-50 family oxacillin-hydrolyzing class D beta-lactamase OXA-395	NA	NA
GCF_028403965.1_ASM2840396v1	NA	NZ_CP116716.1	14017	14814	+	blaOXA-17	OXA-10 family extended-spectrum class D beta-lactamase OXA-17	core	AMR	AMR	BETA-LACTAM	CEPHALOSPORIN	ALLELEX	266	266	100.00	100.00	266	WP_032491804.1	OXA-10 family extended-spectrum class D beta-lactamase OXA-17	NA	NA
GCF_028403965.1_ASM2840396v1	NA	NZ_CP116716.1	14849	15400	+	aac(6')-Ib4	aminoglycoside N-acetyltransferase AAC(6')-Ib4	core	AMR	AMR	AMINOGLYCOSIDE	GENTAMICIN	ALLELEX	184	184	100.00	100.00	184	WP_003159191.1	aminoglycoside N-acetyltransferase AAC(6')-Ib4	NA	NA
GCF_028403985.1_ASM2840398v1	NA	NZ_CP116721.1	975967	976770	+	aph(3')-IIb	aminoglycoside O-phosphotransferase APH(3')-IIb	core	AMR	AMR	AMINOGLYCOSIDE	KANAMYCIN	BLASTX	268	268	100.00	99.25	268	WP_003113011.1	aminoglycoside O-phosphotransferase APH(3')-IIb	NA	NA
GCF_028403985.1_ASM2840398v1	NA	NZ_CP116721.1	989119	990282	-	blaPDC-331	class C beta-lactamase PDC-331	core	AMR	AMR	BETA-LACTAM	CEPHALOSPORIN	ALLELEX	388	388	100.00	100.00	388	WP_150823489.1	class C beta-lactamase PDC-331	NA	NA
GCF_028403985.1_ASM2840398v1	NA	NZ_CP116721.1	1568973	1569611	-	nalC_G71E	Pseudomonas aeruginosa carbapenem resistant NalC	core	AMR	POINT	BETA-LACTAM	CARBAPENEM	POINTX	213	213	100.00	99.53	213	WP_003113837.1	efflux system transcriptional repressor NalC	NA	NA
GCF_028403985.1_ASM2840398v1	NA	NZ_CP116721.1	2153486	2156248	+	gyrA_T83I	Pseudomonas aeruginosa quinolone resistant GyrA	core	AMR	POINT	QUINOLONE	QUINOLONE	POINTX	921	923	100.00	99.13	923	WP_003091448.1	DNA gyrase subunit A GyrA	NA	NA
GCF_028403985.1_ASM2840398v1	NA	NZ_CP116721.1	3444056	3444607	+	aac(6')-Ib3	aminoglycoside N-acetyltransferase AAC(6')-Ib3	core	AMR	AMR	AMINOGLYCOSIDE	AMIKACIN/KANAMYCIN/TOBRAMYCIN	ALLELEX	184	184	100.00	100.00	184	WP_032488579.1	aminoglycoside N-acetyltransferase AAC(6')-Ib3	NA	NA
GCF_028403985.1_ASM2840398v1	NA	NZ_CP116721.1	3444877	3446103	+	cmlB	chloramphenicol efflux MFS transporter CmlB	core	AMR	AMR	PHENICOL	CHLORAMPHENICOL	EXACTX	409	409	100.00	100.00	409	WP_032492328.1	chloramphenicol efflux MFS transporter CmlB	NA	NA
GCF_028403985.1_ASM2840398v1	NA	NZ_CP116721.1	3446264	3447085	+	blaOXA-9	oxacillin-hydrolyzing class D beta-lactamase OXA-9	core	AMR	AMR	BETA-LACTAM	BETA-LACTAM	ALLELEX	274	274	100.00	100.00	274	WP_000722315.1	oxacillin-hydrolyzing class D beta-lactamase OXA-9	NA	NA
GCF_028403985.1_ASM2840398v1	NA	NZ_CP116721.1	3447284	3447628	+	qacEdelta1	quaternary ammonium compound efflux SMR transporter QacE delta 1	core	STRESS	BIOCIDE	QUATERNARY AMMONIUM	QUATERNARY AMMONIUM	ALLELEX	115	115	100.00	100.00	115	WP_000679427.1	quaternary ammonium compound efflux SMR transporter QacE delta 1	NA	NA
GCF_028403985.1_ASM2840398v1	NA	NZ_CP116721.1	3447625	3448461	+	sul1	sulfonamide-resistant dihydropteroate synthase Sul1	core	AMR	AMR	SULFONAMIDE	SULFONAMIDE	EXACTX	279	279	100.00	100.00	279	WP_000259031.1	sulfonamide-resistant dihydropteroate synthase Sul1	NA	NA
GCF_028403985.1_ASM2840398v1	NA	NZ_CP116721.1	4816135	4816539	-	fosA	FosA family fosfomycin resistance glutathione transferase	core	AMR	AMR	FOSFOMYCIN	FOSFOMYCIN	INTERNAL_STOP	135	135	100.00	98.52	135	WP_003082280.1	FosA family fosfomycin resistance glutathione transferase	NA	NA
GCF_028403985.1_ASM2840398v1	NA	NZ_CP116721.1	5329383	5329934	+	aac(6')-Ib'	aminoglycoside N-acetyltransferase AAC(6')-Ib'	core	AMR	AMR	AMINOGLYCOSIDE	GENTAMICIN	EXACTX	184	184	100.00	100.00	184	WP_014454105.1	aminoglycoside N-acetyltransferase AAC(6')-Ib'	NA	NA
GCF_028403985.1_ASM2840398v1	NA	NZ_CP116721.1	5330067	5330930	+	blaCARB-2	PSE family carbenicillin-hydrolyzing class A beta-lactamase CARB-2	core	AMR	AMR	BETA-LACTAM	BETA-LACTAM	ALLELEX	288	288	100.00	100.00	288	WP_001931474.1	PSE family carbenicillin-hydrolyzing class A beta-lactamase CARB-2	NA	NA
GCF_028403985.1_ASM2840398v1	NA	NZ_CP116721.1	5331051	5331839	+	aadA2	ANT(3'')-Ia family aminoglycoside nucleotidyltransferase AadA2	core	AMR	AMR	AMINOGLYCOSIDE	STREPTOMYCIN	EXACTX	263	263	100.00	100.00	263	WP_001261740.1	ANT(3'')-Ia family aminoglycoside nucleotidyltransferase AadA2	NA	NA
GCF_028403985.1_ASM2840398v1	NA	NZ_CP116721.1	5332006	5332350	+	qacEdelta1	quaternary ammonium compound efflux SMR transporter QacE delta 1	core	STRESS	BIOCIDE	QUATERNARY AMMONIUM	QUATERNARY AMMONIUM	ALLELEX	115	115	100.00	100.00	115	WP_000679427.1	quaternary ammonium compound efflux SMR transporter QacE delta 1	NA	NA
GCF_028403985.1_ASM2840398v1	NA	NZ_CP116721.1	5332347	5333183	+	sul1	sulfonamide-resistant dihydropteroate synthase Sul1	core	AMR	AMR	SULFONAMIDE	SULFONAMIDE	EXACTX	279	279	100.00	100.00	279	WP_000259031.1	sulfonamide-resistant dihydropteroate synthase Sul1	NA	NA
GCF_028403985.1_ASM2840398v1	NA	NZ_CP116721.1	5350401	5351036	+	catB7	type B-4 chloramphenicol O-acetyltransferase CatB7	core	AMR	AMR	PHENICOL	CHLORAMPHENICOL	BLASTX	212	212	100.00	99.06	212	WP_003112709.1	type B-4 chloramphenicol O-acetyltransferase CatB7	NA	NA
GCF_028403985.1_ASM2840398v1	NA	NZ_CP116721.1	6145614	6147044	+	pmrB_V15I	Pseudomonas aeruginosa colistin resistant PmrB	core	AMR	POINT	COLISTIN	COLISTIN	POINTX	477	477	100.00	98.74	477	WP_003112923.1	two-component system sensor histidine kinase PmrB	NA	NA
GCF_028403985.1_ASM2840398v1	NA	NZ_CP116721.1	6352575	6354836	-	parC_S87W	Pseudomonas aeruginosa quinolone resistant ParC	core	AMR	POINT	QUINOLONE	QUINOLONE	POINTX	754	754	100.00	99.87	754	WP_003095687.1	DNA topoisomerase IV subunit A ParC	NA	NA
GCF_028403985.1_ASM2840398v1	NA	NZ_CP116721.1	7034067	7034852	+	blaOXA-395	OXA-50 family oxacillin-hydrolyzing class D beta-lactamase OXA-395	core	AMR	AMR	BETA-LACTAM	BETA-LACTAM	ALLELEX	262	262	100.00	100.00	262	WP_015649877.1	OXA-50 family oxacillin-hydrolyzing class D beta-lactamase OXA-395	NA	NA
GCF_028404005.1_ASM2840400v1	NA	NZ_CP116718.1	932927	933730	+	aph(3')-IIb	aminoglycoside O-phosphotransferase APH(3')-IIb	core	AMR	AMR	AMINOGLYCOSIDE	KANAMYCIN	BLASTX	268	268	100.00	99.25	268	WP_003113011.1	aminoglycoside O-phosphotransferase APH(3')-IIb	NA	NA
GCF_028404005.1_ASM2840400v1	NA	NZ_CP116718.1	946079	947269	-	blaPDC-3	extended-spectrum class C beta-lactamase PDC-3	core	AMR	AMR	BETA-LACTAM	CEPHALOSPORIN	ALLELEX	397	397	100.00	100.00	397	WP_003121934.1	extended-spectrum class C beta-lactamase PDC-3	NA	NA
GCF_028404005.1_ASM2840400v1	NA	NZ_CP116718.1	2379018	2380340	-	oprD_W277Ter	Pseudomonas aeruginosa carbapenem resistant OprD	core	AMR	POINT	BETA-LACTAM	CARBAPENEM	POINTX	441	443	100.00	93.23	443	WP_003112576.1	outer membrane porin OprD	NA	NA
GCF_028404005.1_ASM2840400v1	NA	NZ_CP116718.1	2556444	2556848	+	fosA	FosA family fosfomycin resistance glutathione transferase	core	AMR	AMR	FOSFOMYCIN	FOSFOMYCIN	INTERNAL_STOP	135	135	100.00	98.52	135	WP_003082280.1	FosA family fosfomycin resistance glutathione transferase	NA	NA
GCF_028404005.1_ASM2840400v1	NA	NZ_CP116718.1	4773603	4774439	-	sul1	sulfonamide-resistant dihydropteroate synthase Sul1	core	AMR	AMR	SULFONAMIDE	SULFONAMIDE	EXACTX	279	279	100.00	100.00	279	WP_000259031.1	sulfonamide-resistant dihydropteroate synthase Sul1	NA	NA
GCF_028404005.1_ASM2840400v1	NA	NZ_CP116718.1	4774436	4774780	-	qacEdelta1	quaternary ammonium compound efflux SMR transporter QacE delta 1	core	STRESS	BIOCIDE	QUATERNARY AMMONIUM	QUATERNARY AMMONIUM	ALLELEX	115	115	100.00	100.00	115	WP_000679427.1	quaternary ammonium compound efflux SMR transporter QacE delta 1	NA	NA
GCF_028404005.1_ASM2840400v1	NA	NZ_CP116718.1	4774932	4775729	-	blaOXA-46	oxacillin-hydrolyzing class D beta-lactamase OXA-46	core	AMR	AMR	BETA-LACTAM	BETA-LACTAM	ALLELEX	266	266	100.00	100.00	266	WP_063864090.1	oxacillin-hydrolyzing class D beta-lactamase OXA-46	NA	NA
GCF_028404005.1_ASM2840400v1	NA	NZ_CP116718.1	4775814	4776365	-	aac(6')-Ib4	aminoglycoside N-acetyltransferase AAC(6')-Ib4	core	AMR	AMR	AMINOGLYCOSIDE	GENTAMICIN	ALLELEX	184	184	100.00	100.00	184	WP_003159191.1	aminoglycoside N-acetyltransferase AAC(6')-Ib4	NA	NA
GCF_028404005.1_ASM2840400v1	NA	NZ_CP116718.1	4776453	4777007	-	aac(6')-Ib	AAC(6')-Ib family aminoglycoside 6'-N-acetyltransferase	core	AMR	AMR	AMINOGLYCOSIDE	AMIKACIN/GENTAMICIN/KANAMYCIN/TOBRAMYCIN	EXACTX	185	185	100.00	100.00	185	WP_071846254.1	AAC(6')-Ib family aminoglycoside 6'-N-acetyltransferase	NA	NA
GCF_028404005.1_ASM2840400v1	NA	NZ_CP116718.1	4777007	4777750	-	blaIMP-37	subclass B1 metallo-beta-lactamase IMP-37	core	AMR	AMR	BETA-LACTAM	CARBAPENEM	ALLELEX	248	248	100.00	100.00	248	WP_063860593.1	subclass B1 metallo-beta-lactamase IMP-37	NA	NA
GCF_028404005.1_ASM2840400v1	NA	NZ_CP116718.1	4786216	4787052	-	sul1	sulfonamide-resistant dihydropteroate synthase Sul1	core	AMR	AMR	SULFONAMIDE	SULFONAMIDE	EXACTX	279	279	100.00	100.00	279	WP_000259031.1	sulfonamide-resistant dihydropteroate synthase Sul1	NA	NA
GCF_028404005.1_ASM2840400v1	NA	NZ_CP116718.1	4787049	4787393	-	qacEdelta1	quaternary ammonium compound efflux SMR transporter QacE delta 1	core	STRESS	BIOCIDE	QUATERNARY AMMONIUM	QUATERNARY AMMONIUM	ALLELEX	115	115	100.00	100.00	115	WP_000679427.1	quaternary ammonium compound efflux SMR transporter QacE delta 1	NA	NA
GCF_028404005.1_ASM2840400v1	NA	NZ_CP116718.1	4791908	4793170	-	cmlB1	chloramphenicol efflux MFS transporter CmlB1	core	AMR	AMR	PHENICOL	CHLORAMPHENICOL	EXACTX	421	421	100.00	100.00	421	WP_024160909.1	chloramphenicol efflux MFS transporter CmlB1	NA	NA
GCF_028404005.1_ASM2840400v1	NA	NZ_CP116718.1	4794787	4795974	+	tet(C)	tetracycline efflux MFS transporter Tet(C)	core	AMR	AMR	TETRACYCLINE	TETRACYCLINE	EXACTX	396	396	100.00	100.00	396	WP_000841446.1	tetracycline efflux MFS transporter Tet(C)	NA	NA
GCF_028404005.1_ASM2840400v1	NA	NZ_CP116718.1	5233603	5236365	-	gyrA_T83I	Pseudomonas aeruginosa quinolone resistant GyrA	core	AMR	POINT	QUINOLONE	QUINOLONE	POINTX	921	923	100.00	99.13	923	WP_003091448.1	DNA gyrase subunit A GyrA	NA	NA
GCF_028404005.1_ASM2840400v1	NA	NZ_CP116718.1	5820222	5820860	+	nalC_G71E	Pseudomonas aeruginosa carbapenem resistant NalC	core	AMR	POINT	BETA-LACTAM	CARBAPENEM	POINTX	213	213	100.00	99.53	213	WP_003113837.1	efflux system transcriptional repressor NalC	NA	NA
GCF_028404005.1_ASM2840400v1	NA	NZ_CP116718.1	6030510	6031940	+	pmrB_V15I	Pseudomonas aeruginosa colistin resistant PmrB	core	AMR	POINT	COLISTIN	COLISTIN	POINTX	477	477	100.00	98.74	477	WP_003112923.1	two-component system sensor histidine kinase PmrB	NA	NA
GCF_028404005.1_ASM2840400v1	NA	NZ_CP116718.1	6894522	6895307	+	blaOXA-395	OXA-50 family oxacillin-hydrolyzing class D beta-lactamase OXA-395	core	AMR	AMR	BETA-LACTAM	BETA-LACTAM	ALLELEX	262	262	100.00	100.00	262	WP_015649877.1	OXA-50 family oxacillin-hydrolyzing class D beta-lactamase OXA-395	NA	NA
GCF_028404025.1_ASM2840402v1	NA	NZ_CP116724.1	968798	969601	+	aph(3')-IIb	aminoglycoside O-phosphotransferase APH(3')-IIb	core	AMR	AMR	AMINOGLYCOSIDE	KANAMYCIN	BLASTX	268	268	100.00	99.25	268	WP_003113011.1	aminoglycoside O-phosphotransferase APH(3')-IIb	NA	NA
GCF_028404025.1_ASM2840402v1	NA	NZ_CP116724.1	981950	983140	-	blaPDC-3	extended-spectrum class C beta-lactamase PDC-3	core	AMR	AMR	BETA-LACTAM	CEPHALOSPORIN	ALLELEX	397	397	100.00	100.00	397	WP_003121934.1	extended-spectrum class C beta-lactamase PDC-3	NA	NA
GCF_028404025.1_ASM2840402v1	NA	NZ_CP116724.1	1540242	1540880	-	nalC_G71E	Pseudomonas aeruginosa carbapenem resistant NalC	core	AMR	POINT	BETA-LACTAM	CARBAPENEM	POINTX	213	213	100.00	99.53	213	WP_003113837.1	efflux system transcriptional repressor NalC	NA	NA
GCF_028404025.1_ASM2840402v1	NA	NZ_CP116724.1	2124754	2127516	+	gyrA_T83I	Pseudomonas aeruginosa quinolone resistant GyrA	core	AMR	POINT	QUINOLONE	QUINOLONE	POINTX	921	923	100.00	99.13	923	WP_003091448.1	DNA gyrase subunit A GyrA	NA	NA
GCF_028404025.1_ASM2840402v1	NA	NZ_CP116724.1	3474739	3475137	+	aac(6')-29a	aminoglycoside N-acetyltransferase AAC(6')-29a	core	AMR	AMR	AMINOGLYCOSIDE	AMINOGLYCOSIDE	ALLELEX	133	133	100.00	100.00	133	WP_064190968.1	aminoglycoside N-acetyltransferase AAC(6')-29a	NA	NA
GCF_028404025.1_ASM2840402v1	NA	NZ_CP116724.1	3475271	3476068	+	blaVIM-2	subclass B1 metallo-beta-lactamase VIM-2	core	AMR	AMR	BETA-LACTAM	CARBAPENEM	ALLELEX	266	266	100.00	100.00	266	WP_003108247.1	subclass B1 metallo-beta-lactamase VIM-2	NA	NA
GCF_028404025.1_ASM2840402v1	NA	NZ_CP116724.1	3476261	3476659	+	aac(6')-29b	aminoglycoside N-acetyltransferase AAC(6')-29b	core	AMR	AMR	AMINOGLYCOSIDE	AMINOGLYCOSIDE	ALLELEX	133	133	100.00	100.00	133	WP_064190969.1	aminoglycoside N-acetyltransferase AAC(6')-29b	NA	NA
GCF_028404025.1_ASM2840402v1	NA	NZ_CP116724.1	3476865	3477209	+	qacEdelta1	quaternary ammonium compound efflux SMR transporter QacE delta 1	core	STRESS	BIOCIDE	QUATERNARY AMMONIUM	QUATERNARY AMMONIUM	ALLELEX	115	115	100.00	100.00	115	WP_000679427.1	quaternary ammonium compound efflux SMR transporter QacE delta 1	NA	NA
GCF_028404025.1_ASM2840402v1	NA	NZ_CP116724.1	3477206	3478042	+	sul1	sulfonamide-resistant dihydropteroate synthase Sul1	core	AMR	AMR	SULFONAMIDE	SULFONAMIDE	EXACTX	279	279	100.00	100.00	279	WP_000259031.1	sulfonamide-resistant dihydropteroate synthase Sul1	NA	NA
GCF_028404025.1_ASM2840402v1	NA	NZ_CP116724.1	4892370	4892774	-	fosA	FosA family fosfomycin resistance glutathione transferase	core	AMR	AMR	FOSFOMYCIN	FOSFOMYCIN	INTERNAL_STOP	135	135	100.00	98.52	135	WP_003082280.1	FosA family fosfomycin resistance glutathione transferase	NA	NA
GCF_028404025.1_ASM2840402v1	NA	NZ_CP116724.1	5068882	5070203	+	oprD_F254SfsTer91	Pseudomonas aeruginosa carbapenem resistant OprD	core	AMR	POINT_DISRUPT	BETA-LACTAM	CARBAPENEM	POINTX	440	443	100.00	93.44	442	WP_003112576.1	outer membrane porin OprD	NA	NA
GCF_028404025.1_ASM2840402v1	NA	NZ_CP116724.1	5351603	5352238	+	catB7	type B-4 chloramphenicol O-acetyltransferase CatB7	core	AMR	AMR	PHENICOL	CHLORAMPHENICOL	BLASTX	212	212	100.00	99.06	212	WP_003112709.1	type B-4 chloramphenicol O-acetyltransferase CatB7	NA	NA
GCF_028404025.1_ASM2840402v1	NA	NZ_CP116724.1	6173929	6175359	+	pmrB_V15I	Pseudomonas aeruginosa colistin resistant PmrB	core	AMR	POINT	COLISTIN	COLISTIN	POINTX	477	477	100.00	98.74	477	WP_003112923.1	two-component system sensor histidine kinase PmrB	NA	NA
GCF_028404025.1_ASM2840402v1	NA	NZ_CP116724.1	6379774	6382035	-	parC_S87L	Pseudomonas aeruginosa quinolone resistant ParC	core	AMR	POINT	QUINOLONE	QUINOLONE	POINTX	754	754	100.00	99.87	754	WP_003095687.1	DNA topoisomerase IV subunit A ParC	NA	NA
GCF_028404025.1_ASM2840402v1	NA	NZ_CP116724.1	7065339	7066124	+	blaOXA-395	OXA-50 family oxacillin-hydrolyzing class D beta-lactamase OXA-395	core	AMR	AMR	BETA-LACTAM	BETA-LACTAM	ALLELEX	262	262	100.00	100.00	262	WP_015649877.1	OXA-50 family oxacillin-hydrolyzing class D beta-lactamase OXA-395	NA	NA
GCF_028404045.1_ASM2840404v1	NA	NZ_CP116717.1	973326	974129	+	aph(3')-IIb	aminoglycoside O-phosphotransferase APH(3')-IIb	core	AMR	AMR	AMINOGLYCOSIDE	KANAMYCIN	BLASTX	268	268	100.00	99.25	268	WP_003113011.1	aminoglycoside O-phosphotransferase APH(3')-IIb	NA	NA
GCF_028404045.1_ASM2840404v1	NA	NZ_CP116717.1	986478	987668	-	blaPDC-3	extended-spectrum class C beta-lactamase PDC-3	core	AMR	AMR	BETA-LACTAM	CEPHALOSPORIN	ALLELEX	397	397	100.00	100.00	397	WP_003121934.1	extended-spectrum class C beta-lactamase PDC-3	NA	NA
GCF_028404045.1_ASM2840404v1	NA	NZ_CP116717.1	1590529	1591167	-	nalC_G71E	Pseudomonas aeruginosa carbapenem resistant NalC	core	AMR	POINT	BETA-LACTAM	CARBAPENEM	POINTX	213	213	100.00	99.53	213	WP_003113837.1	efflux system transcriptional repressor NalC	NA	NA
GCF_028404045.1_ASM2840404v1	NA	NZ_CP116717.1	2212632	2215394	+	gyrA_T83I	Pseudomonas aeruginosa quinolone resistant GyrA	core	AMR	POINT	QUINOLONE	QUINOLONE	POINTX	921	923	100.00	99.13	923	WP_003091448.1	DNA gyrase subunit A GyrA	NA	NA
GCF_028404045.1_ASM2840404v1	NA	NZ_CP116717.1	3616288	3616686	+	aac(6')-29a	aminoglycoside N-acetyltransferase AAC(6')-29a	core	AMR	AMR	AMINOGLYCOSIDE	AMINOGLYCOSIDE	ALLELEX	133	133	100.00	100.00	133	WP_064190968.1	aminoglycoside N-acetyltransferase AAC(6')-29a	NA	NA
GCF_028404045.1_ASM2840404v1	NA	NZ_CP116717.1	3616820	3617617	+	blaVIM-2	subclass B1 metallo-beta-lactamase VIM-2	core	AMR	AMR	BETA-LACTAM	CARBAPENEM	ALLELEX	266	266	100.00	100.00	266	WP_003108247.1	subclass B1 metallo-beta-lactamase VIM-2	NA	NA
GCF_028404045.1_ASM2840404v1	NA	NZ_CP116717.1	3617810	3618208	+	aac(6')-29b	aminoglycoside N-acetyltransferase AAC(6')-29b	core	AMR	AMR	AMINOGLYCOSIDE	AMINOGLYCOSIDE	ALLELEX	133	133	100.00	100.00	133	WP_064190969.1	aminoglycoside N-acetyltransferase AAC(6')-29b	NA	NA
GCF_028404045.1_ASM2840404v1	NA	NZ_CP116717.1	3618414	3618758	+	qacEdelta1	quaternary ammonium compound efflux SMR transporter QacE delta 1	core	STRESS	BIOCIDE	QUATERNARY AMMONIUM	QUATERNARY AMMONIUM	ALLELEX	115	115	100.00	100.00	115	WP_000679427.1	quaternary ammonium compound efflux SMR transporter QacE delta 1	NA	NA
GCF_028404045.1_ASM2840404v1	NA	NZ_CP116717.1	3618755	3619591	+	sul1	sulfonamide-resistant dihydropteroate synthase Sul1	core	AMR	AMR	SULFONAMIDE	SULFONAMIDE	EXACTX	279	279	100.00	100.00	279	WP_000259031.1	sulfonamide-resistant dihydropteroate synthase Sul1	NA	NA
GCF_028404045.1_ASM2840404v1	NA	NZ_CP116717.1	4978044	4978448	-	fosA	FosA family fosfomycin resistance glutathione transferase	core	AMR	AMR	FOSFOMYCIN	FOSFOMYCIN	INTERNAL_STOP	135	135	100.00	98.52	135	WP_003082280.1	FosA family fosfomycin resistance glutathione transferase	NA	NA
GCF_028404045.1_ASM2840404v1	NA	NZ_CP116717.1	5154556	5155877	+	oprD_Q30RfsTer64	Pseudomonas aeruginosa carbapenem resistant OprD	core	AMR	POINT_DISRUPT	BETA-LACTAM	CARBAPENEM	POINTX	440	443	100.00	93.44	442	WP_003112576.1	outer membrane porin OprD	NA	NA
GCF_028404045.1_ASM2840404v1	NA	NZ_CP116717.1	5440346	5440981	+	catB7	type B-4 chloramphenicol O-acetyltransferase CatB7	core	AMR	AMR	PHENICOL	CHLORAMPHENICOL	BLASTX	212	212	100.00	99.06	212	WP_003112709.1	type B-4 chloramphenicol O-acetyltransferase CatB7	NA	NA
GCF_028404045.1_ASM2840404v1	NA	NZ_CP116717.1	6191814	6193244	+	pmrB_V15I	Pseudomonas aeruginosa colistin resistant PmrB	core	AMR	POINT	COLISTIN	COLISTIN	POINTX	477	477	100.00	98.74	477	WP_003112923.1	two-component system sensor histidine kinase PmrB	NA	NA
GCF_028404045.1_ASM2840404v1	NA	NZ_CP116717.1	6397660	6399921	-	parC_S87L	Pseudomonas aeruginosa quinolone resistant ParC	core	AMR	POINT	QUINOLONE	QUINOLONE	POINTX	754	754	100.00	99.87	754	WP_003095687.1	DNA topoisomerase IV subunit A ParC	NA	NA
GCF_028404045.1_ASM2840404v1	NA	NZ_CP116717.1	7079194	7079979	+	blaOXA-395	OXA-50 family oxacillin-hydrolyzing class D beta-lactamase OXA-395	core	AMR	AMR	BETA-LACTAM	BETA-LACTAM	ALLELEX	262	262	100.00	100.00	262	WP_015649877.1	OXA-50 family oxacillin-hydrolyzing class D beta-lactamase OXA-395	NA	NA
GCF_028404065.1_ASM2840406v1	NA	NZ_CP116720.1	957812	958615	+	aph(3')-IIb	aminoglycoside O-phosphotransferase APH(3')-IIb	core	AMR	AMR	AMINOGLYCOSIDE	KANAMYCIN	BLASTX	268	268	100.00	99.25	268	WP_003113011.1	aminoglycoside O-phosphotransferase APH(3')-IIb	NA	NA
GCF_028404065.1_ASM2840406v1	NA	NZ_CP116720.1	970964	972154	-	blaPDC-3	extended-spectrum class C beta-lactamase PDC-3	core	AMR	AMR	BETA-LACTAM	CEPHALOSPORIN	ALLELEX	397	397	100.00	100.00	397	WP_003121934.1	extended-spectrum class C beta-lactamase PDC-3	NA	NA
GCF_028404065.1_ASM2840406v1	NA	NZ_CP116720.1	1525600	1526238	-	nalC_G71E	Pseudomonas aeruginosa carbapenem resistant NalC	core	AMR	POINT	BETA-LACTAM	CARBAPENEM	POINTX	213	213	100.00	99.53	213	WP_003113837.1	efflux system transcriptional repressor NalC	NA	NA
GCF_028404065.1_ASM2840406v1	NA	NZ_CP116720.1	2111478	2114240	+	gyrA_T83I	Pseudomonas aeruginosa quinolone resistant GyrA	core	AMR	POINT	QUINOLONE	QUINOLONE	POINTX	921	923	100.00	99.13	923	WP_003091448.1	DNA gyrase subunit A GyrA	NA	NA
GCF_028404065.1_ASM2840406v1	NA	NZ_CP116720.1	3418783	3419334	+	aac(6')-Ib3	aminoglycoside N-acetyltransferase AAC(6')-Ib3	core	AMR	AMR	AMINOGLYCOSIDE	AMIKACIN/KANAMYCIN/TOBRAMYCIN	ALLELEX	184	184	100.00	100.00	184	WP_032488579.1	aminoglycoside N-acetyltransferase AAC(6')-Ib3	NA	NA
GCF_028404065.1_ASM2840406v1	NA	NZ_CP116720.1	3419604	3420830	+	cmlB	chloramphenicol efflux MFS transporter CmlB	core	AMR	AMR	PHENICOL	CHLORAMPHENICOL	EXACTX	409	409	100.00	100.00	409	WP_032492328.1	chloramphenicol efflux MFS transporter CmlB	NA	NA
GCF_028404065.1_ASM2840406v1	NA	NZ_CP116720.1	3420991	3421812	+	blaOXA-9	oxacillin-hydrolyzing class D beta-lactamase OXA-9	core	AMR	AMR	BETA-LACTAM	BETA-LACTAM	ALLELEX	274	274	100.00	100.00	274	WP_000722315.1	oxacillin-hydrolyzing class D beta-lactamase OXA-9	NA	NA
GCF_028404065.1_ASM2840406v1	NA	NZ_CP116720.1	3422011	3422355	+	qacEdelta1	quaternary ammonium compound efflux SMR transporter QacE delta 1	core	STRESS	BIOCIDE	QUATERNARY AMMONIUM	QUATERNARY AMMONIUM	ALLELEX	115	115	100.00	100.00	115	WP_000679427.1	quaternary ammonium compound efflux SMR transporter QacE delta 1	NA	NA
GCF_028404065.1_ASM2840406v1	NA	NZ_CP116720.1	3422352	3423188	+	sul1	sulfonamide-resistant dihydropteroate synthase Sul1	core	AMR	AMR	SULFONAMIDE	SULFONAMIDE	EXACTX	279	279	100.00	100.00	279	WP_000259031.1	sulfonamide-resistant dihydropteroate synthase Sul1	NA	NA
GCF_028404065.1_ASM2840406v1	NA	NZ_CP116720.1	4787378	4787782	-	fosA	FosA family fosfomycin resistance glutathione transferase	core	AMR	AMR	FOSFOMYCIN	FOSFOMYCIN	INTERNAL_STOP	135	135	100.00	98.52	135	WP_003082280.1	FosA family fosfomycin resistance glutathione transferase	NA	NA
GCF_028404065.1_ASM2840406v1	NA	NZ_CP116720.1	5281786	5282421	+	catB7	type B-4 chloramphenicol O-acetyltransferase CatB7	core	AMR	AMR	PHENICOL	CHLORAMPHENICOL	BLASTX	212	212	100.00	99.06	212	WP_003112709.1	type B-4 chloramphenicol O-acetyltransferase CatB7	NA	NA
GCF_028404065.1_ASM2840406v1	NA	NZ_CP116720.1	6109633	6111063	+	pmrB_V15I	Pseudomonas aeruginosa colistin resistant PmrB	core	AMR	POINT	COLISTIN	COLISTIN	POINTX	477	477	100.00	98.74	477	WP_003112923.1	two-component system sensor histidine kinase PmrB	NA	NA
GCF_028404065.1_ASM2840406v1	NA	NZ_CP116720.1	6315478	6317739	-	parC_S87W	Pseudomonas aeruginosa quinolone resistant ParC	core	AMR	POINT	QUINOLONE	QUINOLONE	POINTX	754	754	100.00	99.87	754	WP_003095687.1	DNA topoisomerase IV subunit A ParC	NA	NA
GCF_028404065.1_ASM2840406v1	NA	NZ_CP116720.1	6997074	6997859	+	blaOXA-395	OXA-50 family oxacillin-hydrolyzing class D beta-lactamase OXA-395	core	AMR	AMR	BETA-LACTAM	BETA-LACTAM	ALLELEX	262	262	100.00	100.00	262	WP_015649877.1	OXA-50 family oxacillin-hydrolyzing class D beta-lactamase OXA-395	NA	NA
GCF_028404085.1_ASM2840408v1	NA	NZ_CP116722.1	959086	959889	+	aph(3')-IIb	aminoglycoside O-phosphotransferase APH(3')-IIb	core	AMR	AMR	AMINOGLYCOSIDE	KANAMYCIN	BLASTX	268	268	100.00	99.25	268	WP_003113011.1	aminoglycoside O-phosphotransferase APH(3')-IIb	NA	NA
GCF_028404085.1_ASM2840408v1	NA	NZ_CP116722.1	972238	973428	-	blaPDC-3	extended-spectrum class C beta-lactamase PDC-3	core	AMR	AMR	BETA-LACTAM	CEPHALOSPORIN	ALLELEX	397	397	100.00	100.00	397	WP_003121934.1	extended-spectrum class C beta-lactamase PDC-3	NA	NA
GCF_028404085.1_ASM2840408v1	NA	NZ_CP116722.1	1540282	1540920	-	nalC_G71E	Pseudomonas aeruginosa carbapenem resistant NalC	core	AMR	POINT	BETA-LACTAM	CARBAPENEM	POINTX	213	213	100.00	99.53	213	WP_003113837.1	efflux system transcriptional repressor NalC	NA	NA
GCF_028404085.1_ASM2840408v1	NA	NZ_CP116722.1	2129421	2132183	+	gyrA_T83I	Pseudomonas aeruginosa quinolone resistant GyrA	core	AMR	POINT	QUINOLONE	QUINOLONE	POINTX	921	923	100.00	99.13	923	WP_003091448.1	DNA gyrase subunit A GyrA	NA	NA
GCF_028404085.1_ASM2840408v1	NA	NZ_CP116722.1	4988954	4989358	-	fosA	FosA family fosfomycin resistance glutathione transferase	core	AMR	AMR	FOSFOMYCIN	FOSFOMYCIN	INTERNAL_STOP	135	135	100.00	98.52	135	WP_003082280.1	FosA family fosfomycin resistance glutathione transferase	NA	NA
GCF_028404085.1_ASM2840408v1	NA	NZ_CP116722.1	5165453	5166776	+	oprD_W138LfsTer31	Pseudomonas aeruginosa carbapenem resistant OprD	core	AMR	POINT_DISRUPT	BETA-LACTAM	CARBAPENEM	POINTX	441	443	100.00	93.45	443	WP_003112576.1	outer membrane porin OprD	NA	NA
GCF_028404085.1_ASM2840408v1	NA	NZ_CP116722.1	5483197	5484033	-	sul1	sulfonamide-resistant dihydropteroate synthase Sul1	core	AMR	AMR	SULFONAMIDE	SULFONAMIDE	EXACTX	279	279	100.00	100.00	279	WP_000259031.1	sulfonamide-resistant dihydropteroate synthase Sul1	NA	NA
GCF_028404085.1_ASM2840408v1	NA	NZ_CP116722.1	5484030	5484374	-	qacEdelta1	quaternary ammonium compound efflux SMR transporter QacE delta 1	core	STRESS	BIOCIDE	QUATERNARY AMMONIUM	QUATERNARY AMMONIUM	ALLELEX	115	115	100.00	100.00	115	WP_000679427.1	quaternary ammonium compound efflux SMR transporter QacE delta 1	NA	NA
GCF_028404085.1_ASM2840408v1	NA	NZ_CP116722.1	5484541	5485329	-	aadA2	ANT(3'')-Ia family aminoglycoside nucleotidyltransferase AadA2	core	AMR	AMR	AMINOGLYCOSIDE	STREPTOMYCIN	EXACTX	263	263	100.00	100.00	263	WP_001261740.1	ANT(3'')-Ia family aminoglycoside nucleotidyltransferase AadA2	NA	NA
GCF_028404085.1_ASM2840408v1	NA	NZ_CP116722.1	5485450	5486313	-	blaCARB-2	PSE family carbenicillin-hydrolyzing class A beta-lactamase CARB-2	core	AMR	AMR	BETA-LACTAM	BETA-LACTAM	ALLELEX	288	288	100.00	100.00	288	WP_001931474.1	PSE family carbenicillin-hydrolyzing class A beta-lactamase CARB-2	NA	NA
GCF_028404085.1_ASM2840408v1	NA	NZ_CP116722.1	5486446	5486997	-	aac(6')-Ib	AAC(6')-Ib family aminoglycoside 6'-N-acetyltransferase	core	AMR	AMR	AMINOGLYCOSIDE	AMIKACIN/KANAMYCIN/TOBRAMYCIN	EXACTX	184	184	100.00	100.00	184	WP_063840280.1	AAC(6')-Ib family aminoglycoside 6'-N-acetyltransferase	NA	NA
GCF_028404085.1_ASM2840408v1	NA	NZ_CP116722.1	5532291	5532926	+	catB7	type B-4 chloramphenicol O-acetyltransferase CatB7	core	AMR	AMR	PHENICOL	CHLORAMPHENICOL	BLASTX	212	212	100.00	99.06	212	WP_003112709.1	type B-4 chloramphenicol O-acetyltransferase CatB7	NA	NA
GCF_028404085.1_ASM2840408v1	NA	NZ_CP116722.1	6329956	6331386	+	pmrB_V15I	Pseudomonas aeruginosa colistin resistant PmrB	core	AMR	POINT	COLISTIN	COLISTIN	POINTX	477	477	100.00	98.74	477	WP_003112923.1	two-component system sensor histidine kinase PmrB	NA	NA
GCF_028404085.1_ASM2840408v1	NA	NZ_CP116722.1	6540518	6542779	-	parC_S87L	Pseudomonas aeruginosa quinolone resistant ParC	core	AMR	POINT	QUINOLONE	QUINOLONE	POINTX	754	754	100.00	99.87	754	WP_003095687.1	DNA topoisomerase IV subunit A ParC	NA	NA
GCF_028404085.1_ASM2840408v1	NA	NZ_CP116722.1	7203886	7204671	+	blaOXA-395	OXA-50 family oxacillin-hydrolyzing class D beta-lactamase OXA-395	core	AMR	AMR	BETA-LACTAM	BETA-LACTAM	ALLELEX	262	262	100.00	100.00	262	WP_015649877.1	OXA-50 family oxacillin-hydrolyzing class D beta-lactamase OXA-395	NA	NA
GCF_028404105.1_ASM2840410v1	NA	NZ_CP116725.1	994937	995740	+	aph(3')-IIb	aminoglycoside O-phosphotransferase APH(3')-IIb	core	AMR	AMR	AMINOGLYCOSIDE	KANAMYCIN	BLASTX	268	268	100.00	99.25	268	WP_003113011.1	aminoglycoside O-phosphotransferase APH(3')-IIb	NA	NA
GCF_028404105.1_ASM2840410v1	NA	NZ_CP116725.1	1008089	1009279	-	blaPDC-3	extended-spectrum class C beta-lactamase PDC-3	core	AMR	AMR	BETA-LACTAM	CEPHALOSPORIN	ALLELEX	397	397	100.00	100.00	397	WP_003121934.1	extended-spectrum class C beta-lactamase PDC-3	NA	NA
GCF_028404105.1_ASM2840410v1	NA	NZ_CP116725.1	1567403	1568041	-	nalC_G71E	Pseudomonas aeruginosa carbapenem resistant NalC	core	AMR	POINT	BETA-LACTAM	CARBAPENEM	POINTX	213	213	100.00	99.53	213	WP_003113837.1	efflux system transcriptional repressor NalC	NA	NA
GCF_028404105.1_ASM2840410v1	NA	NZ_CP116725.1	2151915	2154677	+	gyrA_T83I	Pseudomonas aeruginosa quinolone resistant GyrA	core	AMR	POINT	QUINOLONE	QUINOLONE	POINTX	921	923	100.00	99.13	923	WP_003091448.1	DNA gyrase subunit A GyrA	NA	NA
GCF_028404105.1_ASM2840410v1	NA	NZ_CP116725.1	4030535	4031371	-	sul1	sulfonamide-resistant dihydropteroate synthase Sul1	core	AMR	AMR	SULFONAMIDE	SULFONAMIDE	EXACTX	279	279	100.00	100.00	279	WP_000259031.1	sulfonamide-resistant dihydropteroate synthase Sul1	NA	NA
GCF_028404105.1_ASM2840410v1	NA	NZ_CP116725.1	4031368	4031712	-	qacEdelta1	quaternary ammonium compound efflux SMR transporter QacE delta 1	core	STRESS	BIOCIDE	QUATERNARY AMMONIUM	QUATERNARY AMMONIUM	ALLELEX	115	115	100.00	100.00	115	WP_000679427.1	quaternary ammonium compound efflux SMR transporter QacE delta 1	NA	NA
GCF_028404105.1_ASM2840410v1	NA	NZ_CP116725.1	4031884	4032435	-	aac(6')-Ib4	aminoglycoside N-acetyltransferase AAC(6')-Ib4	core	AMR	AMR	AMINOGLYCOSIDE	GENTAMICIN	ALLELEX	184	184	100.00	100.00	184	WP_003159191.1	aminoglycoside N-acetyltransferase AAC(6')-Ib4	NA	NA
GCF_028404105.1_ASM2840410v1	NA	NZ_CP116725.1	4032490	4033314	-	blaOXA-2	oxacillin-hydrolyzing class D beta-lactamase OXA-2	core	AMR	AMR	BETA-LACTAM	BETA-LACTAM	ALLELEX	275	275	100.00	100.00	275	WP_001007673.1	oxacillin-hydrolyzing class D beta-lactamase OXA-2	NA	NA
GCF_028404105.1_ASM2840410v1	NA	NZ_CP116725.1	4840991	4841395	-	fosA	FosA family fosfomycin resistance glutathione transferase	core	AMR	AMR	FOSFOMYCIN	FOSFOMYCIN	INTERNAL_STOP	135	135	100.00	98.52	135	WP_003082280.1	FosA family fosfomycin resistance glutathione transferase	NA	NA
GCF_028404105.1_ASM2840410v1	NA	NZ_CP116725.1	5304096	5304731	+	catB7	type B-4 chloramphenicol O-acetyltransferase CatB7	core	AMR	AMR	PHENICOL	CHLORAMPHENICOL	BLASTX	212	212	100.00	99.06	212	WP_003112709.1	type B-4 chloramphenicol O-acetyltransferase CatB7	NA	NA
GCF_028404105.1_ASM2840410v1	NA	NZ_CP116725.1	6125644	6127074	+	pmrB_V15I	Pseudomonas aeruginosa colistin resistant PmrB	core	AMR	POINT	COLISTIN	COLISTIN	POINTX	477	477	100.00	98.74	477	WP_003112923.1	two-component system sensor histidine kinase PmrB	NA	NA
GCF_028404105.1_ASM2840410v1	NA	NZ_CP116725.1	6340921	6343182	-	parC_S87L	Pseudomonas aeruginosa quinolone resistant ParC	core	AMR	POINT	QUINOLONE	QUINOLONE	POINTX	754	754	100.00	99.87	754	WP_003095687.1	DNA topoisomerase IV subunit A ParC	NA	NA
GCF_028404105.1_ASM2840410v1	NA	NZ_CP116725.1	6999096	6999881	+	blaOXA-395	OXA-50 family oxacillin-hydrolyzing class D beta-lactamase OXA-395	core	AMR	AMR	BETA-LACTAM	BETA-LACTAM	ALLELEX	262	262	100.00	100.00	262	WP_015649877.1	OXA-50 family oxacillin-hydrolyzing class D beta-lactamase OXA-395	NA	NA
GCF_030183355.2_NA	NA	NZ_CP143649.1	971353	972156	+	aph(3')-IIb	aminoglycoside O-phosphotransferase APH(3')-IIb	core	AMR	AMR	AMINOGLYCOSIDE	KANAMYCIN	BLASTX	268	268	100.00	99.25	268	WP_003113011.1	aminoglycoside O-phosphotransferase APH(3')-IIb	NA	NA
GCF_030183355.2_NA	NA	NZ_CP143649.1	984505	985695	-	blaPDC-3	extended-spectrum class C beta-lactamase PDC-3	core	AMR	AMR	BETA-LACTAM	CEPHALOSPORIN	ALLELEX	397	397	100.00	100.00	397	WP_003121934.1	extended-spectrum class C beta-lactamase PDC-3	NA	NA
GCF_030183355.2_NA	NA	NZ_CP143649.1	1548030	1548668	-	nalC_G71E	Pseudomonas aeruginosa carbapenem resistant NalC	core	AMR	POINT	BETA-LACTAM	CARBAPENEM	POINTX	213	213	100.00	99.53	213	WP_003113837.1	efflux system transcriptional repressor NalC	NA	NA
GCF_030183355.2_NA	NA	NZ_CP143649.1	2132541	2135303	+	gyrA_T83I	Pseudomonas aeruginosa quinolone resistant GyrA	core	AMR	POINT	QUINOLONE	QUINOLONE	POINTX	921	923	100.00	99.13	923	WP_003091448.1	DNA gyrase subunit A GyrA	NA	NA
GCF_030183355.2_NA	NA	NZ_CP143649.1	3438741	3439478	+	blaIMP-4	subclass B1 metallo-beta-lactamase IMP-4	core	AMR	AMR	BETA-LACTAM	CARBAPENEM	ALLELEX	246	246	100.00	100.00	246	WP_015060105.1	subclass B1 metallo-beta-lactamase IMP-4	NA	NA
GCF_030183355.2_NA	NA	NZ_CP143649.1	3439713	3440042	+	qacG2	quaternary ammonium compound efflux SMR transporter QacG2	core	STRESS	BIOCIDE	QUATERNARY AMMONIUM	QUATERNARY AMMONIUM	EXACTX	110	110	100.00	100.00	110	WP_015063357.1	quaternary ammonium compound efflux SMR transporter QacG2	NA	NA
GCF_030183355.2_NA	NA	NZ_CP143649.1	3440172	3440723	+	aac(6')-Ib3	aminoglycoside N-acetyltransferase AAC(6')-Ib3	core	AMR	AMR	AMINOGLYCOSIDE	AMIKACIN/KANAMYCIN/TOBRAMYCIN	ALLELEX	184	184	100.00	100.00	184	WP_032488579.1	aminoglycoside N-acetyltransferase AAC(6')-Ib3	NA	NA
GCF_030183355.2_NA	NA	NZ_CP143649.1	3440895	3441239	+	qacEdelta1	quaternary ammonium compound efflux SMR transporter QacE delta 1	core	STRESS	BIOCIDE	QUATERNARY AMMONIUM	QUATERNARY AMMONIUM	ALLELEX	115	115	100.00	100.00	115	WP_000679427.1	quaternary ammonium compound efflux SMR transporter QacE delta 1	NA	NA
GCF_030183355.2_NA	NA	NZ_CP143649.1	3441236	3442072	+	sul1	sulfonamide-resistant dihydropteroate synthase Sul1	core	AMR	AMR	SULFONAMIDE	SULFONAMIDE	EXACTX	279	279	100.00	100.00	279	WP_000259031.1	sulfonamide-resistant dihydropteroate synthase Sul1	NA	NA
GCF_030183355.2_NA	NA	NZ_CP143649.1	4748902	4749306	-	fosA	FosA family fosfomycin resistance glutathione transferase	core	AMR	AMR	FOSFOMYCIN	FOSFOMYCIN	INTERNAL_STOP	135	135	100.00	98.52	135	WP_003082280.1	FosA family fosfomycin resistance glutathione transferase	NA	NA
GCF_030183355.2_NA	NA	NZ_CP143649.1	4925414	4926736	+	oprD_W65Ter	Pseudomonas aeruginosa carbapenem resistant OprD	core	AMR	POINT	BETA-LACTAM	CARBAPENEM	POINTX	441	443	100.00	93.23	443	WP_003112576.1	outer membrane porin OprD	NA	NA
GCF_030183355.2_NA	NA	NZ_CP143649.1	5259919	5260470	+	aac(6')-Ib'	aminoglycoside N-acetyltransferase AAC(6')-Ib'	core	AMR	AMR	AMINOGLYCOSIDE	GENTAMICIN	EXACTX	184	184	100.00	100.00	184	WP_014454105.1	aminoglycoside N-acetyltransferase AAC(6')-Ib'	NA	NA
GCF_030183355.2_NA	NA	NZ_CP143649.1	5260603	5261466	+	blaCARB-2	PSE family carbenicillin-hydrolyzing class A beta-lactamase CARB-2	core	AMR	AMR	BETA-LACTAM	BETA-LACTAM	ALLELEX	288	288	100.00	100.00	288	WP_001931474.1	PSE family carbenicillin-hydrolyzing class A beta-lactamase CARB-2	NA	NA
GCF_030183355.2_NA	NA	NZ_CP143649.1	5261587	5262375	+	aadA2	ANT(3'')-Ia family aminoglycoside nucleotidyltransferase AadA2	core	AMR	AMR	AMINOGLYCOSIDE	STREPTOMYCIN	EXACTX	263	263	100.00	100.00	263	WP_001261740.1	ANT(3'')-Ia family aminoglycoside nucleotidyltransferase AadA2	NA	NA
GCF_030183355.2_NA	NA	NZ_CP143649.1	5262542	5262886	+	qacEdelta1	quaternary ammonium compound efflux SMR transporter QacE delta 1	core	STRESS	BIOCIDE	QUATERNARY AMMONIUM	QUATERNARY AMMONIUM	ALLELEX	115	115	100.00	100.00	115	WP_000679427.1	quaternary ammonium compound efflux SMR transporter QacE delta 1	NA	NA
GCF_030183355.2_NA	NA	NZ_CP143649.1	5262883	5263719	+	sul1	sulfonamide-resistant dihydropteroate synthase Sul1	core	AMR	AMR	SULFONAMIDE	SULFONAMIDE	EXACTX	279	279	100.00	100.00	279	WP_000259031.1	sulfonamide-resistant dihydropteroate synthase Sul1	NA	NA
GCF_030183355.2_NA	NA	NZ_CP143649.1	5295964	5296599	+	catB7	type B-4 chloramphenicol O-acetyltransferase CatB7	core	AMR	AMR	PHENICOL	CHLORAMPHENICOL	BLASTX	212	212	100.00	99.06	212	WP_003112709.1	type B-4 chloramphenicol O-acetyltransferase CatB7	NA	NA
GCF_030183355.2_NA	NA	NZ_CP143649.1	6086715	6088145	+	pmrB_V15I	Pseudomonas aeruginosa colistin resistant PmrB	core	AMR	POINT	COLISTIN	COLISTIN	POINTX	477	477	100.00	98.74	477	WP_003112923.1	two-component system sensor histidine kinase PmrB	NA	NA
GCF_030183355.2_NA	NA	NZ_CP143649.1	6944550	6945335	+	blaOXA-395	OXA-50 family oxacillin-hydrolyzing class D beta-lactamase OXA-395	core	AMR	AMR	BETA-LACTAM	BETA-LACTAM	ALLELEX	262	262	100.00	100.00	262	WP_015649877.1	OXA-50 family oxacillin-hydrolyzing class D beta-lactamase OXA-395	NA	NA
GCF_030183855.2_NA	NA	NZ_CP143648.1	971376	972179	+	aph(3')-IIb	aminoglycoside O-phosphotransferase APH(3')-IIb	core	AMR	AMR	AMINOGLYCOSIDE	KANAMYCIN	BLASTX	268	268	100.00	99.25	268	WP_003113011.1	aminoglycoside O-phosphotransferase APH(3')-IIb	NA	NA
GCF_030183855.2_NA	NA	NZ_CP143648.1	984528	985718	-	blaPDC-3	extended-spectrum class C beta-lactamase PDC-3	core	AMR	AMR	BETA-LACTAM	CEPHALOSPORIN	ALLELEX	397	397	100.00	100.00	397	WP_003121934.1	extended-spectrum class C beta-lactamase PDC-3	NA	NA
GCF_030183855.2_NA	NA	NZ_CP143648.1	1548053	1548691	-	nalC_G71E	Pseudomonas aeruginosa carbapenem resistant NalC	core	AMR	POINT	BETA-LACTAM	CARBAPENEM	POINTX	213	213	100.00	99.53	213	WP_003113837.1	efflux system transcriptional repressor NalC	NA	NA
GCF_030183855.2_NA	NA	NZ_CP143648.1	2132566	2135328	+	gyrA_T83I	Pseudomonas aeruginosa quinolone resistant GyrA	core	AMR	POINT	QUINOLONE	QUINOLONE	POINTX	921	923	100.00	99.13	923	WP_003091448.1	DNA gyrase subunit A GyrA	NA	NA
GCF_030183855.2_NA	NA	NZ_CP143648.1	3438766	3439503	+	blaIMP-4	subclass B1 metallo-beta-lactamase IMP-4	core	AMR	AMR	BETA-LACTAM	CARBAPENEM	ALLELEX	246	246	100.00	100.00	246	WP_015060105.1	subclass B1 metallo-beta-lactamase IMP-4	NA	NA
GCF_030183855.2_NA	NA	NZ_CP143648.1	3439738	3440067	+	qacG2	quaternary ammonium compound efflux SMR transporter QacG2	core	STRESS	BIOCIDE	QUATERNARY AMMONIUM	QUATERNARY AMMONIUM	EXACTX	110	110	100.00	100.00	110	WP_015063357.1	quaternary ammonium compound efflux SMR transporter QacG2	NA	NA
GCF_030183855.2_NA	NA	NZ_CP143648.1	3440197	3440748	+	aac(6')-Ib4	aminoglycoside N-acetyltransferase AAC(6')-Ib4	core	AMR	AMR	AMINOGLYCOSIDE	GENTAMICIN	ALLELEX	184	184	100.00	100.00	184	WP_003159191.1	aminoglycoside N-acetyltransferase AAC(6')-Ib4	NA	NA
GCF_030183855.2_NA	NA	NZ_CP143648.1	3440920	3441264	+	qacEdelta1	quaternary ammonium compound efflux SMR transporter QacE delta 1	core	STRESS	BIOCIDE	QUATERNARY AMMONIUM	QUATERNARY AMMONIUM	ALLELEX	115	115	100.00	100.00	115	WP_000679427.1	quaternary ammonium compound efflux SMR transporter QacE delta 1	NA	NA
GCF_030183855.2_NA	NA	NZ_CP143648.1	3441261	3442097	+	sul1	sulfonamide-resistant dihydropteroate synthase Sul1	core	AMR	AMR	SULFONAMIDE	SULFONAMIDE	EXACTX	279	279	100.00	100.00	279	WP_000259031.1	sulfonamide-resistant dihydropteroate synthase Sul1	NA	NA
GCF_030183855.2_NA	NA	NZ_CP143648.1	4748927	4749331	-	fosA	FosA family fosfomycin resistance glutathione transferase	core	AMR	AMR	FOSFOMYCIN	FOSFOMYCIN	INTERNAL_STOP	135	135	100.00	98.52	135	WP_003082280.1	FosA family fosfomycin resistance glutathione transferase	NA	NA
GCF_030183855.2_NA	NA	NZ_CP143648.1	4925439	4926761	+	oprD_W65Ter	Pseudomonas aeruginosa carbapenem resistant OprD	core	AMR	POINT	BETA-LACTAM	CARBAPENEM	POINTX	441	443	100.00	93.23	443	WP_003112576.1	outer membrane porin OprD	NA	NA
GCF_030183855.2_NA	NA	NZ_CP143648.1	5259944	5260495	+	aac(6')-Ib'	aminoglycoside N-acetyltransferase AAC(6')-Ib'	core	AMR	AMR	AMINOGLYCOSIDE	GENTAMICIN	EXACTX	184	184	100.00	100.00	184	WP_014454105.1	aminoglycoside N-acetyltransferase AAC(6')-Ib'	NA	NA
GCF_030183855.2_NA	NA	NZ_CP143648.1	5260628	5261491	+	blaCARB-2	PSE family carbenicillin-hydrolyzing class A beta-lactamase CARB-2	core	AMR	AMR	BETA-LACTAM	BETA-LACTAM	ALLELEX	288	288	100.00	100.00	288	WP_001931474.1	PSE family carbenicillin-hydrolyzing class A beta-lactamase CARB-2	NA	NA
GCF_030183855.2_NA	NA	NZ_CP143648.1	5261612	5262400	+	aadA2	ANT(3'')-Ia family aminoglycoside nucleotidyltransferase AadA2	core	AMR	AMR	AMINOGLYCOSIDE	STREPTOMYCIN	EXACTX	263	263	100.00	100.00	263	WP_001261740.1	ANT(3'')-Ia family aminoglycoside nucleotidyltransferase AadA2	NA	NA
GCF_030183855.2_NA	NA	NZ_CP143648.1	5262567	5262911	+	qacEdelta1	quaternary ammonium compound efflux SMR transporter QacE delta 1	core	STRESS	BIOCIDE	QUATERNARY AMMONIUM	QUATERNARY AMMONIUM	ALLELEX	115	115	100.00	100.00	115	WP_000679427.1	quaternary ammonium compound efflux SMR transporter QacE delta 1	NA	NA
GCF_030183855.2_NA	NA	NZ_CP143648.1	5262908	5263744	+	sul1	sulfonamide-resistant dihydropteroate synthase Sul1	core	AMR	AMR	SULFONAMIDE	SULFONAMIDE	EXACTX	279	279	100.00	100.00	279	WP_000259031.1	sulfonamide-resistant dihydropteroate synthase Sul1	NA	NA
GCF_030183855.2_NA	NA	NZ_CP143648.1	5295989	5296624	+	catB7	type B-4 chloramphenicol O-acetyltransferase CatB7	core	AMR	AMR	PHENICOL	CHLORAMPHENICOL	BLASTX	212	212	100.00	99.06	212	WP_003112709.1	type B-4 chloramphenicol O-acetyltransferase CatB7	NA	NA
GCF_030183855.2_NA	NA	NZ_CP143648.1	6086987	6088417	+	pmrB_V15I	Pseudomonas aeruginosa colistin resistant PmrB	core	AMR	POINT	COLISTIN	COLISTIN	POINTX	477	477	100.00	98.74	477	WP_003112923.1	two-component system sensor histidine kinase PmrB	NA	NA
GCF_030183855.2_NA	NA	NZ_CP143648.1	6944921	6945706	+	blaOXA-395	OXA-50 family oxacillin-hydrolyzing class D beta-lactamase OXA-395	core	AMR	AMR	BETA-LACTAM	BETA-LACTAM	ALLELEX	262	262	100.00	100.00	262	WP_015649877.1	OXA-50 family oxacillin-hydrolyzing class D beta-lactamase OXA-395	NA	NA
GCF_030185815.2_NA	NA	NZ_CP143647.1	971785	972588	+	aph(3')-IIb	aminoglycoside O-phosphotransferase APH(3')-IIb	core	AMR	AMR	AMINOGLYCOSIDE	KANAMYCIN	BLASTX	268	268	100.00	99.25	268	WP_003113011.1	aminoglycoside O-phosphotransferase APH(3')-IIb	NA	NA
GCF_030185815.2_NA	NA	NZ_CP143647.1	984937	986127	-	blaPDC-3	extended-spectrum class C beta-lactamase PDC-3	core	AMR	AMR	BETA-LACTAM	CEPHALOSPORIN	ALLELEX	397	397	100.00	100.00	397	WP_003121934.1	extended-spectrum class C beta-lactamase PDC-3	NA	NA
GCF_030185815.2_NA	NA	NZ_CP143647.1	1548462	1549100	-	nalC_G71E	Pseudomonas aeruginosa carbapenem resistant NalC	core	AMR	POINT	BETA-LACTAM	CARBAPENEM	POINTX	213	213	100.00	99.53	213	WP_003113837.1	efflux system transcriptional repressor NalC	NA	NA
GCF_030185815.2_NA	NA	NZ_CP143647.1	2132975	2135737	+	gyrA_T83I	Pseudomonas aeruginosa quinolone resistant GyrA	core	AMR	POINT	QUINOLONE	QUINOLONE	POINTX	921	923	100.00	99.13	923	WP_003091448.1	DNA gyrase subunit A GyrA	NA	NA
GCF_030185815.2_NA	NA	NZ_CP143647.1	3439181	3439918	+	blaIMP-4	subclass B1 metallo-beta-lactamase IMP-4	core	AMR	AMR	BETA-LACTAM	CARBAPENEM	ALLELEX	246	246	100.00	100.00	246	WP_015060105.1	subclass B1 metallo-beta-lactamase IMP-4	NA	NA
GCF_030185815.2_NA	NA	NZ_CP143647.1	3440153	3440482	+	qacG2	quaternary ammonium compound efflux SMR transporter QacG2	core	STRESS	BIOCIDE	QUATERNARY AMMONIUM	QUATERNARY AMMONIUM	EXACTX	110	110	100.00	100.00	110	WP_015063357.1	quaternary ammonium compound efflux SMR transporter QacG2	NA	NA
GCF_030185815.2_NA	NA	NZ_CP143647.1	3440612	3441163	+	aac(6')-Ib3	aminoglycoside N-acetyltransferase AAC(6')-Ib3	core	AMR	AMR	AMINOGLYCOSIDE	AMIKACIN/KANAMYCIN/TOBRAMYCIN	ALLELEX	184	184	100.00	100.00	184	WP_032488579.1	aminoglycoside N-acetyltransferase AAC(6')-Ib3	NA	NA
GCF_030185815.2_NA	NA	NZ_CP143647.1	3441335	3441679	+	qacEdelta1	quaternary ammonium compound efflux SMR transporter QacE delta 1	core	STRESS	BIOCIDE	QUATERNARY AMMONIUM	QUATERNARY AMMONIUM	ALLELEX	115	115	100.00	100.00	115	WP_000679427.1	quaternary ammonium compound efflux SMR transporter QacE delta 1	NA	NA
GCF_030185815.2_NA	NA	NZ_CP143647.1	3441676	3442512	+	sul1	sulfonamide-resistant dihydropteroate synthase Sul1	core	AMR	AMR	SULFONAMIDE	SULFONAMIDE	EXACTX	279	279	100.00	100.00	279	WP_000259031.1	sulfonamide-resistant dihydropteroate synthase Sul1	NA	NA
GCF_030185815.2_NA	NA	NZ_CP143647.1	4749342	4749746	-	fosA	FosA family fosfomycin resistance glutathione transferase	core	AMR	AMR	FOSFOMYCIN	FOSFOMYCIN	INTERNAL_STOP	135	135	100.00	98.52	135	WP_003082280.1	FosA family fosfomycin resistance glutathione transferase	NA	NA
GCF_030185815.2_NA	NA	NZ_CP143647.1	4925854	4927176	+	oprD_W65Ter	Pseudomonas aeruginosa carbapenem resistant OprD	core	AMR	POINT	BETA-LACTAM	CARBAPENEM	POINTX	441	443	100.00	93.23	443	WP_003112576.1	outer membrane porin OprD	NA	NA
GCF_030185815.2_NA	NA	NZ_CP143647.1	5291844	5292479	+	catB7	type B-4 chloramphenicol O-acetyltransferase CatB7	core	AMR	AMR	PHENICOL	CHLORAMPHENICOL	BLASTX	212	212	100.00	99.06	212	WP_003112709.1	type B-4 chloramphenicol O-acetyltransferase CatB7	NA	NA
GCF_030185815.2_NA	NA	NZ_CP143647.1	6082712	6084142	+	pmrB_V15I	Pseudomonas aeruginosa colistin resistant PmrB	core	AMR	POINT	COLISTIN	COLISTIN	POINTX	477	477	100.00	98.74	477	WP_003112923.1	two-component system sensor histidine kinase PmrB	NA	NA
GCF_030185815.2_NA	NA	NZ_CP143647.1	6940697	6941482	+	blaOXA-395	OXA-50 family oxacillin-hydrolyzing class D beta-lactamase OXA-395	core	AMR	AMR	BETA-LACTAM	BETA-LACTAM	ALLELEX	262	262	100.00	100.00	262	WP_015649877.1	OXA-50 family oxacillin-hydrolyzing class D beta-lactamase OXA-395	NA	NA
GCF_030185915.2_NA	NA	NZ_CP143646.1	971366	972169	+	aph(3')-IIb	aminoglycoside O-phosphotransferase APH(3')-IIb	core	AMR	AMR	AMINOGLYCOSIDE	KANAMYCIN	BLASTX	268	268	100.00	99.25	268	WP_003113011.1	aminoglycoside O-phosphotransferase APH(3')-IIb	NA	NA
GCF_030185915.2_NA	NA	NZ_CP143646.1	984518	985708	-	blaPDC-3	extended-spectrum class C beta-lactamase PDC-3	core	AMR	AMR	BETA-LACTAM	CEPHALOSPORIN	ALLELEX	397	397	100.00	100.00	397	WP_003121934.1	extended-spectrum class C beta-lactamase PDC-3	NA	NA
GCF_030185915.2_NA	NA	NZ_CP143646.1	1548043	1548681	-	nalC_G71E	Pseudomonas aeruginosa carbapenem resistant NalC	core	AMR	POINT	BETA-LACTAM	CARBAPENEM	POINTX	213	213	100.00	99.53	213	WP_003113837.1	efflux system transcriptional repressor NalC	NA	NA
GCF_030185915.2_NA	NA	NZ_CP143646.1	2132557	2135319	+	gyrA_T83I	Pseudomonas aeruginosa quinolone resistant GyrA	core	AMR	POINT	QUINOLONE	QUINOLONE	POINTX	921	923	100.00	99.13	923	WP_003091448.1	DNA gyrase subunit A GyrA	NA	NA
GCF_030185915.2_NA	NA	NZ_CP143646.1	3438759	3439496	+	blaIMP-4	subclass B1 metallo-beta-lactamase IMP-4	core	AMR	AMR	BETA-LACTAM	CARBAPENEM	ALLELEX	246	246	100.00	100.00	246	WP_015060105.1	subclass B1 metallo-beta-lactamase IMP-4	NA	NA
GCF_030185915.2_NA	NA	NZ_CP143646.1	3439731	3440060	+	qacG2	quaternary ammonium compound efflux SMR transporter QacG2	core	STRESS	BIOCIDE	QUATERNARY AMMONIUM	QUATERNARY AMMONIUM	EXACTX	110	110	100.00	100.00	110	WP_015063357.1	quaternary ammonium compound efflux SMR transporter QacG2	NA	NA
GCF_030185915.2_NA	NA	NZ_CP143646.1	3440190	3440741	+	aac(6')-Ib3	aminoglycoside N-acetyltransferase AAC(6')-Ib3	core	AMR	AMR	AMINOGLYCOSIDE	AMIKACIN/KANAMYCIN/TOBRAMYCIN	ALLELEX	184	184	100.00	100.00	184	WP_032488579.1	aminoglycoside N-acetyltransferase AAC(6')-Ib3	NA	NA
GCF_030185915.2_NA	NA	NZ_CP143646.1	3440913	3441257	+	qacEdelta1	quaternary ammonium compound efflux SMR transporter QacE delta 1	core	STRESS	BIOCIDE	QUATERNARY AMMONIUM	QUATERNARY AMMONIUM	ALLELEX	115	115	100.00	100.00	115	WP_000679427.1	quaternary ammonium compound efflux SMR transporter QacE delta 1	NA	NA
GCF_030185915.2_NA	NA	NZ_CP143646.1	3441254	3442090	+	sul1	sulfonamide-resistant dihydropteroate synthase Sul1	core	AMR	AMR	SULFONAMIDE	SULFONAMIDE	EXACTX	279	279	100.00	100.00	279	WP_000259031.1	sulfonamide-resistant dihydropteroate synthase Sul1	NA	NA
GCF_030185915.2_NA	NA	NZ_CP143646.1	4748919	4749323	-	fosA	FosA family fosfomycin resistance glutathione transferase	core	AMR	AMR	FOSFOMYCIN	FOSFOMYCIN	INTERNAL_STOP	135	135	100.00	98.52	135	WP_003082280.1	FosA family fosfomycin resistance glutathione transferase	NA	NA
GCF_030185915.2_NA	NA	NZ_CP143646.1	4925431	4926753	+	oprD_W65Ter	Pseudomonas aeruginosa carbapenem resistant OprD	core	AMR	POINT	BETA-LACTAM	CARBAPENEM	POINTX	441	443	100.00	93.23	443	WP_003112576.1	outer membrane porin OprD	NA	NA
GCF_030185915.2_NA	NA	NZ_CP143646.1	5291421	5292056	+	catB7	type B-4 chloramphenicol O-acetyltransferase CatB7	core	AMR	AMR	PHENICOL	CHLORAMPHENICOL	BLASTX	212	212	100.00	99.06	212	WP_003112709.1	type B-4 chloramphenicol O-acetyltransferase CatB7	NA	NA
GCF_030185915.2_NA	NA	NZ_CP143646.1	6082223	6083653	+	pmrB_V15I	Pseudomonas aeruginosa colistin resistant PmrB	core	AMR	POINT	COLISTIN	COLISTIN	POINTX	477	477	100.00	98.74	477	WP_003112923.1	two-component system sensor histidine kinase PmrB	NA	NA
GCF_030185915.2_NA	NA	NZ_CP143646.1	6940213	6940998	+	blaOXA-395	OXA-50 family oxacillin-hydrolyzing class D beta-lactamase OXA-395	core	AMR	AMR	BETA-LACTAM	BETA-LACTAM	ALLELEX	262	262	100.00	100.00	262	WP_015649877.1	OXA-50 family oxacillin-hydrolyzing class D beta-lactamase OXA-395	NA	NA
GCF_030186885.2_NA	NA	NZ_CP143645.1	971382	972185	+	aph(3')-IIb	aminoglycoside O-phosphotransferase APH(3')-IIb	core	AMR	AMR	AMINOGLYCOSIDE	KANAMYCIN	BLASTX	268	268	100.00	99.25	268	WP_003113011.1	aminoglycoside O-phosphotransferase APH(3')-IIb	NA	NA
GCF_030186885.2_NA	NA	NZ_CP143645.1	984534	985724	-	blaPDC-3	extended-spectrum class C beta-lactamase PDC-3	core	AMR	AMR	BETA-LACTAM	CEPHALOSPORIN	ALLELEX	397	397	100.00	100.00	397	WP_003121934.1	extended-spectrum class C beta-lactamase PDC-3	NA	NA
GCF_030186885.2_NA	NA	NZ_CP143645.1	1548059	1548697	-	nalC_G71E	Pseudomonas aeruginosa carbapenem resistant NalC	core	AMR	POINT	BETA-LACTAM	CARBAPENEM	POINTX	213	213	100.00	99.53	213	WP_003113837.1	efflux system transcriptional repressor NalC	NA	NA
GCF_030186885.2_NA	NA	NZ_CP143645.1	2128011	2130773	+	gyrA_T83I	Pseudomonas aeruginosa quinolone resistant GyrA	core	AMR	POINT	QUINOLONE	QUINOLONE	POINTX	921	923	100.00	99.13	923	WP_003091448.1	DNA gyrase subunit A GyrA	NA	NA
GCF_030186885.2_NA	NA	NZ_CP143645.1	3434206	3434943	+	blaIMP-4	subclass B1 metallo-beta-lactamase IMP-4	core	AMR	AMR	BETA-LACTAM	CARBAPENEM	ALLELEX	246	246	100.00	100.00	246	WP_015060105.1	subclass B1 metallo-beta-lactamase IMP-4	NA	NA
GCF_030186885.2_NA	NA	NZ_CP143645.1	3435178	3435507	+	qacG2	quaternary ammonium compound efflux SMR transporter QacG2	core	STRESS	BIOCIDE	QUATERNARY AMMONIUM	QUATERNARY AMMONIUM	EXACTX	110	110	100.00	100.00	110	WP_015063357.1	quaternary ammonium compound efflux SMR transporter QacG2	NA	NA
GCF_030186885.2_NA	NA	NZ_CP143645.1	3435637	3436188	+	aac(6')-Ib4	aminoglycoside N-acetyltransferase AAC(6')-Ib4	core	AMR	AMR	AMINOGLYCOSIDE	GENTAMICIN	ALLELEX	184	184	100.00	100.00	184	WP_003159191.1	aminoglycoside N-acetyltransferase AAC(6')-Ib4	NA	NA
GCF_030186885.2_NA	NA	NZ_CP143645.1	3436360	3436704	+	qacEdelta1	quaternary ammonium compound efflux SMR transporter QacE delta 1	core	STRESS	BIOCIDE	QUATERNARY AMMONIUM	QUATERNARY AMMONIUM	ALLELEX	115	115	100.00	100.00	115	WP_000679427.1	quaternary ammonium compound efflux SMR transporter QacE delta 1	NA	NA
GCF_030186885.2_NA	NA	NZ_CP143645.1	3436701	3437537	+	sul1	sulfonamide-resistant dihydropteroate synthase Sul1	core	AMR	AMR	SULFONAMIDE	SULFONAMIDE	EXACTX	279	279	100.00	100.00	279	WP_000259031.1	sulfonamide-resistant dihydropteroate synthase Sul1	NA	NA
GCF_030186885.2_NA	NA	NZ_CP143645.1	4744367	4744771	-	fosA	FosA family fosfomycin resistance glutathione transferase	core	AMR	AMR	FOSFOMYCIN	FOSFOMYCIN	INTERNAL_STOP	135	135	100.00	98.52	135	WP_003082280.1	FosA family fosfomycin resistance glutathione transferase	NA	NA
GCF_030186885.2_NA	NA	NZ_CP143645.1	5257734	5258285	+	aac(6')-Ib'	aminoglycoside N-acetyltransferase AAC(6')-Ib'	core	AMR	AMR	AMINOGLYCOSIDE	GENTAMICIN	EXACTX	184	184	100.00	100.00	184	WP_014454105.1	aminoglycoside N-acetyltransferase AAC(6')-Ib'	NA	NA
GCF_030186885.2_NA	NA	NZ_CP143645.1	5258418	5259281	+	blaCARB-2	PSE family carbenicillin-hydrolyzing class A beta-lactamase CARB-2	core	AMR	AMR	BETA-LACTAM	BETA-LACTAM	ALLELEX	288	288	100.00	100.00	288	WP_001931474.1	PSE family carbenicillin-hydrolyzing class A beta-lactamase CARB-2	NA	NA
GCF_030186885.2_NA	NA	NZ_CP143645.1	5259402	5260190	+	aadA2	ANT(3'')-Ia family aminoglycoside nucleotidyltransferase AadA2	core	AMR	AMR	AMINOGLYCOSIDE	STREPTOMYCIN	EXACTX	263	263	100.00	100.00	263	WP_001261740.1	ANT(3'')-Ia family aminoglycoside nucleotidyltransferase AadA2	NA	NA
GCF_030186885.2_NA	NA	NZ_CP143645.1	5260357	5260701	+	qacEdelta1	quaternary ammonium compound efflux SMR transporter QacE delta 1	core	STRESS	BIOCIDE	QUATERNARY AMMONIUM	QUATERNARY AMMONIUM	ALLELEX	115	115	100.00	100.00	115	WP_000679427.1	quaternary ammonium compound efflux SMR transporter QacE delta 1	NA	NA
GCF_030186885.2_NA	NA	NZ_CP143645.1	5260698	5261534	+	sul1	sulfonamide-resistant dihydropteroate synthase Sul1	core	AMR	AMR	SULFONAMIDE	SULFONAMIDE	EXACTX	279	279	100.00	100.00	279	WP_000259031.1	sulfonamide-resistant dihydropteroate synthase Sul1	NA	NA
GCF_030186885.2_NA	NA	NZ_CP143645.1	5293779	5294414	+	catB7	type B-4 chloramphenicol O-acetyltransferase CatB7	core	AMR	AMR	PHENICOL	CHLORAMPHENICOL	BLASTX	212	212	100.00	99.06	212	WP_003112709.1	type B-4 chloramphenicol O-acetyltransferase CatB7	NA	NA
GCF_030186885.2_NA	NA	NZ_CP143645.1	6084534	6085964	+	pmrB_V15I	Pseudomonas aeruginosa colistin resistant PmrB	core	AMR	POINT	COLISTIN	COLISTIN	POINTX	477	477	100.00	98.74	477	WP_003112923.1	two-component system sensor histidine kinase PmrB	NA	NA
GCF_030186885.2_NA	NA	NZ_CP143645.1	6944232	6945017	+	blaOXA-395	OXA-50 family oxacillin-hydrolyzing class D beta-lactamase OXA-395	core	AMR	AMR	BETA-LACTAM	BETA-LACTAM	ALLELEX	262	262	100.00	100.00	262	WP_015649877.1	OXA-50 family oxacillin-hydrolyzing class D beta-lactamase OXA-395	NA	NA
GCF_035557195.1_ASM3555719v2	NA	NZ_CP149854.1	981332	982135	+	aph(3')-IIb	aminoglycoside O-phosphotransferase APH(3')-IIb	core	AMR	AMR	AMINOGLYCOSIDE	KANAMYCIN	BLASTX	268	268	100.00	99.25	268	WP_003113011.1	aminoglycoside O-phosphotransferase APH(3')-IIb	NA	NA
GCF_035557195.1_ASM3555719v2	NA	NZ_CP149854.1	994484	995674	-	blaPDC-3	extended-spectrum class C beta-lactamase PDC-3	core	AMR	AMR	BETA-LACTAM	CEPHALOSPORIN	ALLELEX	397	397	100.00	100.00	397	WP_003121934.1	extended-spectrum class C beta-lactamase PDC-3	NA	NA
GCF_035557195.1_ASM3555719v2	NA	NZ_CP149854.1	1593084	1593722	-	nalC_G71E	Pseudomonas aeruginosa carbapenem resistant NalC	core	AMR	POINT	BETA-LACTAM	CARBAPENEM	POINTX	213	213	100.00	99.53	213	WP_003113837.1	efflux system transcriptional repressor NalC	NA	NA
GCF_035557195.1_ASM3555719v2	NA	NZ_CP149854.1	1752896	1753509	-	nalD_G156RfsTer6	Pseudomonas aeruginosa aztreonam/carbapenem/chloramphenicol/tetracycline/vaborbactam resistant NalD	core	AMR	POINT_DISRUPT	MULTIDRUG	AZTREONAM/CARBAPENEM/CHLORAMPHENICOL/TETRACYCLINE/VABORBACTAM	POINTX	204	212	100.00	98.53	204	WP_003092152.1	efflux system transcriptional repressor NalD	NA	NA
GCF_035557195.1_ASM3555719v2	NA	NZ_CP149854.1	2177907	2180669	+	gyrA_T83I	Pseudomonas aeruginosa quinolone resistant GyrA	core	AMR	POINT	QUINOLONE	QUINOLONE	POINTX	921	923	100.00	99.13	923	WP_003091448.1	DNA gyrase subunit A GyrA	NA	NA
GCF_035557195.1_ASM3555719v2	NA	NZ_CP149854.1	4882392	4882796	-	fosA	FosA family fosfomycin resistance glutathione transferase	core	AMR	AMR	FOSFOMYCIN	FOSFOMYCIN	INTERNAL_STOP	135	135	100.00	98.52	135	WP_003082280.1	FosA family fosfomycin resistance glutathione transferase	NA	NA
GCF_035557195.1_ASM3555719v2	NA	NZ_CP149854.1	5058904	5060215	+	oprD_Q19GfsTer31	Pseudomonas aeruginosa carbapenem resistant OprD	core	AMR	POINT_DISRUPT	BETA-LACTAM	CARBAPENEM	POINTX	437	443	100.00	93.39	439	WP_003112576.1	outer membrane porin OprD	NA	NA
GCF_035557195.1_ASM3555719v2	NA	NZ_CP149854.1	5339968	5340603	+	catB7	type B-4 chloramphenicol O-acetyltransferase CatB7	core	AMR	AMR	PHENICOL	CHLORAMPHENICOL	BLASTX	212	212	100.00	99.06	212	WP_003112709.1	type B-4 chloramphenicol O-acetyltransferase CatB7	NA	NA
GCF_035557195.1_ASM3555719v2	NA	NZ_CP149854.1	6160658	6162088	+	pmrB_V15I	Pseudomonas aeruginosa colistin resistant PmrB	core	AMR	POINT	COLISTIN	COLISTIN	POINTX	477	477	100.00	98.53	477	WP_003112923.1	two-component system sensor histidine kinase PmrB	NA	NA
GCF_035557195.1_ASM3555719v2	NA	NZ_CP149854.1	6366503	6368764	-	parC_S87L	Pseudomonas aeruginosa quinolone resistant ParC	core	AMR	POINT	QUINOLONE	QUINOLONE	POINTX	754	754	100.00	99.87	754	WP_003095687.1	DNA topoisomerase IV subunit A ParC	NA	NA
GCF_035557195.1_ASM3555719v2	NA	NZ_CP149854.1	7050473	7051258	+	blaOXA-395	OXA-50 family oxacillin-hydrolyzing class D beta-lactamase OXA-395	core	AMR	AMR	BETA-LACTAM	BETA-LACTAM	ALLELEX	262	262	100.00	100.00	262	WP_015649877.1	OXA-50 family oxacillin-hydrolyzing class D beta-lactamase OXA-395	NA	NA
GCF_035557195.1_ASM3555719v2	NA	NZ_CP149855.1	136380	136778	+	aac(6')-29a	aminoglycoside N-acetyltransferase AAC(6')-29a	core	AMR	AMR	AMINOGLYCOSIDE	AMINOGLYCOSIDE	ALLELEX	133	133	100.00	100.00	133	WP_064190968.1	aminoglycoside N-acetyltransferase AAC(6')-29a	NA	NA
GCF_035557195.1_ASM3555719v2	NA	NZ_CP149855.1	136912	137709	+	blaVIM-2	subclass B1 metallo-beta-lactamase VIM-2	core	AMR	AMR	BETA-LACTAM	CARBAPENEM	ALLELEX	266	266	100.00	100.00	266	WP_003108247.1	subclass B1 metallo-beta-lactamase VIM-2	NA	NA
GCF_035557195.1_ASM3555719v2	NA	NZ_CP149855.1	137902	138300	+	aac(6')-29b	aminoglycoside N-acetyltransferase AAC(6')-29b	core	AMR	AMR	AMINOGLYCOSIDE	AMINOGLYCOSIDE	ALLELEX	133	133	100.00	100.00	133	WP_064190969.1	aminoglycoside N-acetyltransferase AAC(6')-29b	NA	NA
GCF_035557195.1_ASM3555719v2	NA	NZ_CP149855.1	138506	138850	+	qacEdelta1	quaternary ammonium compound efflux SMR transporter QacE delta 1	core	STRESS	BIOCIDE	QUATERNARY AMMONIUM	QUATERNARY AMMONIUM	ALLELEX	115	115	100.00	100.00	115	WP_000679427.1	quaternary ammonium compound efflux SMR transporter QacE delta 1	NA	NA
GCF_035557195.1_ASM3555719v2	NA	NZ_CP149855.1	138847	139683	+	sul1	sulfonamide-resistant dihydropteroate synthase Sul1	core	AMR	AMR	SULFONAMIDE	SULFONAMIDE	EXACTX	279	279	100.00	100.00	279	WP_000259031.1	sulfonamide-resistant dihydropteroate synthase Sul1	NA	NA
GCF_038431895.1_ASM3843189v1	NA	NZ_CP131781.1	969320	970123	+	aph(3')-IIb	aminoglycoside O-phosphotransferase APH(3')-IIb	core	AMR	AMR	AMINOGLYCOSIDE	KANAMYCIN	BLASTX	268	268	100.00	99.25	268	WP_003113011.1	aminoglycoside O-phosphotransferase APH(3')-IIb	NA	NA
GCF_038431895.1_ASM3843189v1	NA	NZ_CP131781.1	982472	983662	-	blaPDC-3	extended-spectrum class C beta-lactamase PDC-3	core	AMR	AMR	BETA-LACTAM	CEPHALOSPORIN	ALLELEX	397	397	100.00	100.00	397	WP_003121934.1	extended-spectrum class C beta-lactamase PDC-3	NA	NA
GCF_038431895.1_ASM3843189v1	NA	NZ_CP131781.1	1540773	1541411	-	nalC_G71E	Pseudomonas aeruginosa carbapenem resistant NalC	core	AMR	POINT	BETA-LACTAM	CARBAPENEM	POINTX	213	213	100.00	99.53	213	WP_003113837.1	efflux system transcriptional repressor NalC	NA	NA
GCF_038431895.1_ASM3843189v1	NA	NZ_CP131781.1	2125271	2128033	+	gyrA_T83I	Pseudomonas aeruginosa quinolone resistant GyrA	core	AMR	POINT	QUINOLONE	QUINOLONE	POINTX	921	923	100.00	99.13	923	WP_003091448.1	DNA gyrase subunit A GyrA	NA	NA
GCF_038431895.1_ASM3843189v1	NA	NZ_CP131781.1	4748312	4748716	-	fosA	FosA family fosfomycin resistance glutathione transferase	core	AMR	AMR	FOSFOMYCIN	FOSFOMYCIN	INTERNAL_STOP	135	135	100.00	98.52	135	WP_003082280.1	FosA family fosfomycin resistance glutathione transferase	NA	NA
GCF_038431895.1_ASM3843189v1	NA	NZ_CP131781.1	4924824	4926135	+	oprD_S59RfsTer11	Pseudomonas aeruginosa carbapenem resistant OprD	core	AMR	POINT_DISRUPT	BETA-LACTAM	CARBAPENEM	POINTX	437	443	100.00	93.39	439	WP_003112576.1	outer membrane porin OprD	NA	NA
GCF_038431895.1_ASM3843189v1	NA	NZ_CP131781.1	5259317	5259868	+	aac(6')-Ib'	aminoglycoside N-acetyltransferase AAC(6')-Ib'	core	AMR	AMR	AMINOGLYCOSIDE	GENTAMICIN	EXACTX	184	184	100.00	100.00	184	WP_014454105.1	aminoglycoside N-acetyltransferase AAC(6')-Ib'	NA	NA
GCF_038431895.1_ASM3843189v1	NA	NZ_CP131781.1	5260001	5260864	+	blaCARB-2	PSE family carbenicillin-hydrolyzing class A beta-lactamase CARB-2	core	AMR	AMR	BETA-LACTAM	BETA-LACTAM	ALLELEX	288	288	100.00	100.00	288	WP_001931474.1	PSE family carbenicillin-hydrolyzing class A beta-lactamase CARB-2	NA	NA
GCF_038431895.1_ASM3843189v1	NA	NZ_CP131781.1	5260985	5261773	+	aadA2	ANT(3'')-Ia family aminoglycoside nucleotidyltransferase AadA2	core	AMR	AMR	AMINOGLYCOSIDE	STREPTOMYCIN	EXACTX	263	263	100.00	100.00	263	WP_001261740.1	ANT(3'')-Ia family aminoglycoside nucleotidyltransferase AadA2	NA	NA
GCF_038431895.1_ASM3843189v1	NA	NZ_CP131781.1	5261940	5262284	+	qacEdelta1	quaternary ammonium compound efflux SMR transporter QacE delta 1	core	STRESS	BIOCIDE	QUATERNARY AMMONIUM	QUATERNARY AMMONIUM	ALLELEX	115	115	100.00	100.00	115	WP_000679427.1	quaternary ammonium compound efflux SMR transporter QacE delta 1	NA	NA
GCF_038431895.1_ASM3843189v1	NA	NZ_CP131781.1	5262281	5263117	+	sul1	sulfonamide-resistant dihydropteroate synthase Sul1	core	AMR	AMR	SULFONAMIDE	SULFONAMIDE	EXACTX	279	279	100.00	100.00	279	WP_000259031.1	sulfonamide-resistant dihydropteroate synthase Sul1	NA	NA
GCF_038431895.1_ASM3843189v1	NA	NZ_CP131781.1	5280601	5281236	+	catB7	type B-4 chloramphenicol O-acetyltransferase CatB7	core	AMR	AMR	PHENICOL	CHLORAMPHENICOL	BLASTX	212	212	100.00	99.06	212	WP_003112709.1	type B-4 chloramphenicol O-acetyltransferase CatB7	NA	NA
GCF_038431895.1_ASM3843189v1	NA	NZ_CP131781.1	5638662	5639225	-	ampD_H77Y	Pseudomonas aeruginosa cephalosporin resistant AmpD	core	AMR	POINT	BETA-LACTAM	CEPHALOSPORIN	POINTX	188	188	100.00	98.94	188	WP_003112844.1	1,6-anhydro-N-acetylmuramyl-L-alanine amidase AmpD	NA	NA
GCF_038431895.1_ASM3843189v1	NA	NZ_CP131781.1	6071356	6072786	+	pmrB_V15I	Pseudomonas aeruginosa colistin resistant PmrB	core	AMR	POINT	COLISTIN	COLISTIN	POINTX	477	477	100.00	98.74	477	WP_003112923.1	two-component system sensor histidine kinase PmrB	NA	NA
GCF_038431895.1_ASM3843189v1	NA	NZ_CP131781.1	6277201	6279462	-	parC_S87L	Pseudomonas aeruginosa quinolone resistant ParC	core	AMR	POINT	QUINOLONE	QUINOLONE	POINTX	754	754	100.00	99.87	754	WP_003095687.1	DNA topoisomerase IV subunit A ParC	NA	NA
GCF_038431895.1_ASM3843189v1	NA	NZ_CP131781.1	6982018	6982803	+	blaOXA-395	OXA-50 family oxacillin-hydrolyzing class D beta-lactamase OXA-395	core	AMR	AMR	BETA-LACTAM	BETA-LACTAM	ALLELEX	262	262	100.00	100.00	262	WP_015649877.1	OXA-50 family oxacillin-hydrolyzing class D beta-lactamase OXA-395	NA	NA
GCF_047049275.1_ASM4704927v1	NA	NZ_CP158482.1	998056	998859	+	aph(3')-IIb	aminoglycoside O-phosphotransferase APH(3')-IIb	core	AMR	AMR	AMINOGLYCOSIDE	KANAMYCIN	BLASTX	268	268	100.00	99.25	268	WP_003113011.1	aminoglycoside O-phosphotransferase APH(3')-IIb	NA	NA
GCF_047049275.1_ASM4704927v1	NA	NZ_CP158482.1	1011208	1012398	-	blaPDC-3	extended-spectrum class C beta-lactamase PDC-3	core	AMR	AMR	BETA-LACTAM	CEPHALOSPORIN	ALLELEX	397	397	100.00	100.00	397	WP_003121934.1	extended-spectrum class C beta-lactamase PDC-3	NA	NA
GCF_047049275.1_ASM4704927v1	NA	NZ_CP158482.1	1607092	1607730	-	nalC_G71E	Pseudomonas aeruginosa carbapenem resistant NalC	core	AMR	POINT	BETA-LACTAM	CARBAPENEM	POINTX	213	213	100.00	99.53	213	WP_003113837.1	efflux system transcriptional repressor NalC	NA	NA
GCF_047049275.1_ASM4704927v1	NA	NZ_CP158482.1	2191604	2194366	+	gyrA_T83I	Pseudomonas aeruginosa quinolone resistant GyrA	core	AMR	POINT	QUINOLONE	QUINOLONE	POINTX	921	923	100.00	99.13	923	WP_003091448.1	DNA gyrase subunit A GyrA	NA	NA
GCF_047049275.1_ASM4704927v1	NA	NZ_CP158482.1	4930386	4930790	-	fosA	FosA family fosfomycin resistance glutathione transferase	core	AMR	AMR	FOSFOMYCIN	FOSFOMYCIN	INTERNAL_STOP	135	135	100.00	98.52	135	WP_003082280.1	FosA family fosfomycin resistance glutathione transferase	NA	NA
GCF_047049275.1_ASM4704927v1	NA	NZ_CP158482.1	5106885	5108206	+	oprD_Y399TerfsTer0	Pseudomonas aeruginosa carbapenem resistant OprD	core	AMR	POINT_DISRUPT	BETA-LACTAM	CARBAPENEM	POINTX	440	443	100.00	93.44	442	WP_003112576.1	outer membrane porin OprD	NA	NA
GCF_047049275.1_ASM4704927v1	NA	NZ_CP158482.1	5431574	5432410	-	sul1	sulfonamide-resistant dihydropteroate synthase Sul1	core	AMR	AMR	SULFONAMIDE	SULFONAMIDE	EXACTX	279	279	100.00	100.00	279	WP_000259031.1	sulfonamide-resistant dihydropteroate synthase Sul1	NA	NA
GCF_047049275.1_ASM4704927v1	NA	NZ_CP158482.1	5432407	5432751	-	qacEdelta1	quaternary ammonium compound efflux SMR transporter QacE delta 1	core	STRESS	BIOCIDE	QUATERNARY AMMONIUM	QUATERNARY AMMONIUM	ALLELEX	115	115	100.00	100.00	115	WP_000679427.1	quaternary ammonium compound efflux SMR transporter QacE delta 1	NA	NA
GCF_047049275.1_ASM4704927v1	NA	NZ_CP158482.1	5432918	5433706	-	aadA2	ANT(3'')-Ia family aminoglycoside nucleotidyltransferase AadA2	core	AMR	AMR	AMINOGLYCOSIDE	STREPTOMYCIN	EXACTX	263	263	100.00	100.00	263	WP_001261740.1	ANT(3'')-Ia family aminoglycoside nucleotidyltransferase AadA2	NA	NA
GCF_047049275.1_ASM4704927v1	NA	NZ_CP158482.1	5433827	5434690	-	blaCARB-2	PSE family carbenicillin-hydrolyzing class A beta-lactamase CARB-2	core	AMR	AMR	BETA-LACTAM	BETA-LACTAM	ALLELEX	288	288	100.00	100.00	288	WP_001931474.1	PSE family carbenicillin-hydrolyzing class A beta-lactamase CARB-2	NA	NA
GCF_047049275.1_ASM4704927v1	NA	NZ_CP158482.1	5434823	5435374	-	aac(6')-Ib'	aminoglycoside N-acetyltransferase AAC(6')-Ib'	core	AMR	AMR	AMINOGLYCOSIDE	GENTAMICIN	EXACTX	184	184	100.00	100.00	184	WP_014454105.1	aminoglycoside N-acetyltransferase AAC(6')-Ib'	NA	NA
GCF_047049275.1_ASM4704927v1	NA	NZ_CP158482.1	5451083	5451718	+	catB7	type B-4 chloramphenicol O-acetyltransferase CatB7	core	AMR	AMR	PHENICOL	CHLORAMPHENICOL	BLASTX	212	212	100.00	99.06	212	WP_003112709.1	type B-4 chloramphenicol O-acetyltransferase CatB7	NA	NA
GCF_047049275.1_ASM4704927v1	NA	NZ_CP158482.1	5667305	5669041	-	ftsI_F533L	Pseudomonas aeruginosa carbapenem resistant FtsI	core	AMR	POINT	BETA-LACTAM	CARBAPENEM	POINTX	579	579	100.00	99.83	579	WP_003094139.1	penicillin-binding protein PBP3 FtsI	NA	NA
GCF_047049275.1_ASM4704927v1	NA	NZ_CP158482.1	6230834	6232264	+	pmrB_V15I	Pseudomonas aeruginosa colistin resistant PmrB	core	AMR	POINT	COLISTIN	COLISTIN	POINTX	477	477	100.00	98.74	477	WP_003112923.1	two-component system sensor histidine kinase PmrB	NA	NA
GCF_047049275.1_ASM4704927v1	NA	NZ_CP158482.1	7129666	7130451	+	blaOXA-395	OXA-50 family oxacillin-hydrolyzing class D beta-lactamase OXA-395	core	AMR	AMR	BETA-LACTAM	BETA-LACTAM	ALLELEX	262	262	100.00	100.00	262	WP_015649877.1	OXA-50 family oxacillin-hydrolyzing class D beta-lactamase OXA-395	NA	NA
GCF_049565995.1_ASM4956599v1	NA	NZ_CP114081.1	982778	983581	+	aph(3')-IIb	aminoglycoside O-phosphotransferase APH(3')-IIb	core	AMR	AMR	AMINOGLYCOSIDE	KANAMYCIN	BLASTX	268	268	100.00	99.25	268	WP_003113011.1	aminoglycoside O-phosphotransferase APH(3')-IIb	NA	NA
GCF_049565995.1_ASM4956599v1	NA	NZ_CP114081.1	995930	997120	-	blaPDC-3	extended-spectrum class C beta-lactamase PDC-3	core	AMR	AMR	BETA-LACTAM	CEPHALOSPORIN	ALLELEX	397	397	100.00	100.00	397	WP_003121934.1	extended-spectrum class C beta-lactamase PDC-3	NA	NA
GCF_049565995.1_ASM4956599v1	NA	NZ_CP114081.1	1599070	1599708	-	nalC_G71E	Pseudomonas aeruginosa carbapenem resistant NalC	core	AMR	POINT	BETA-LACTAM	CARBAPENEM	POINTX	213	213	100.00	99.53	213	WP_003113837.1	efflux system transcriptional repressor NalC	NA	NA
GCF_049565995.1_ASM4956599v1	NA	NZ_CP114081.1	2221173	2223935	+	gyrA_T83I	Pseudomonas aeruginosa quinolone resistant GyrA	core	AMR	POINT	QUINOLONE	QUINOLONE	POINTX	921	923	100.00	99.13	923	WP_003091448.1	DNA gyrase subunit A GyrA	NA	NA
GCF_049565995.1_ASM4956599v1	NA	NZ_CP114081.1	3571146	3571544	+	aac(6')-29a	aminoglycoside N-acetyltransferase AAC(6')-29a	core	AMR	AMR	AMINOGLYCOSIDE	AMINOGLYCOSIDE	ALLELEX	133	133	100.00	100.00	133	WP_064190968.1	aminoglycoside N-acetyltransferase AAC(6')-29a	NA	NA
GCF_049565995.1_ASM4956599v1	NA	NZ_CP114081.1	3571678	3572475	+	blaVIM-2	subclass B1 metallo-beta-lactamase VIM-2	core	AMR	AMR	BETA-LACTAM	CARBAPENEM	ALLELEX	266	266	100.00	100.00	266	WP_003108247.1	subclass B1 metallo-beta-lactamase VIM-2	NA	NA
GCF_049565995.1_ASM4956599v1	NA	NZ_CP114081.1	3572668	3573066	+	aac(6')-29b	aminoglycoside N-acetyltransferase AAC(6')-29b	core	AMR	AMR	AMINOGLYCOSIDE	AMINOGLYCOSIDE	ALLELEX	133	133	100.00	100.00	133	WP_064190969.1	aminoglycoside N-acetyltransferase AAC(6')-29b	NA	NA
GCF_049565995.1_ASM4956599v1	NA	NZ_CP114081.1	3573272	3573616	+	qacEdelta1	quaternary ammonium compound efflux SMR transporter QacE delta 1	core	STRESS	BIOCIDE	QUATERNARY AMMONIUM	QUATERNARY AMMONIUM	ALLELEX	115	115	100.00	100.00	115	WP_000679427.1	quaternary ammonium compound efflux SMR transporter QacE delta 1	NA	NA
GCF_049565995.1_ASM4956599v1	NA	NZ_CP114081.1	3573613	3574449	+	sul1	sulfonamide-resistant dihydropteroate synthase Sul1	core	AMR	AMR	SULFONAMIDE	SULFONAMIDE	EXACTX	279	279	100.00	100.00	279	WP_000259031.1	sulfonamide-resistant dihydropteroate synthase Sul1	NA	NA
GCF_049565995.1_ASM4956599v1	NA	NZ_CP114081.1	4842137	4842541	-	fosA	FosA family fosfomycin resistance glutathione transferase	core	AMR	AMR	FOSFOMYCIN	FOSFOMYCIN	INTERNAL_STOP	135	135	100.00	98.52	135	WP_003082280.1	FosA family fosfomycin resistance glutathione transferase	NA	NA
GCF_049565995.1_ASM4956599v1	NA	NZ_CP114081.1	5018648	5019969	+	oprD_Q30RfsTer64	Pseudomonas aeruginosa carbapenem resistant OprD	core	AMR	POINT_DISRUPT	BETA-LACTAM	CARBAPENEM	POINTX	440	443	100.00	93.44	442	WP_003112576.1	outer membrane porin OprD	NA	NA
GCF_049565995.1_ASM4956599v1	NA	NZ_CP114081.1	5306805	5307440	+	catB7	type B-4 chloramphenicol O-acetyltransferase CatB7	core	AMR	AMR	PHENICOL	CHLORAMPHENICOL	BLASTX	212	212	100.00	99.06	212	WP_003112709.1	type B-4 chloramphenicol O-acetyltransferase CatB7	NA	NA
GCF_049565995.1_ASM4956599v1	NA	NZ_CP114081.1	6089894	6091324	+	pmrB_V15I	Pseudomonas aeruginosa colistin resistant PmrB	core	AMR	POINT	COLISTIN	COLISTIN	POINTX	477	477	100.00	98.74	477	WP_003112923.1	two-component system sensor histidine kinase PmrB	NA	NA
GCF_049565995.1_ASM4956599v1	NA	NZ_CP114081.1	6295739	6298000	-	parC_S87L	Pseudomonas aeruginosa quinolone resistant ParC	core	AMR	POINT	QUINOLONE	QUINOLONE	POINTX	754	754	100.00	99.87	754	WP_003095687.1	DNA topoisomerase IV subunit A ParC	NA	NA
GCF_049565995.1_ASM4956599v1	NA	NZ_CP114081.1	6991096	6991881	+	blaOXA-395	OXA-50 family oxacillin-hydrolyzing class D beta-lactamase OXA-395	core	AMR	AMR	BETA-LACTAM	BETA-LACTAM	ALLELEX	262	262	100.00	100.00	262	WP_015649877.1	OXA-50 family oxacillin-hydrolyzing class D beta-lactamase OXA-395	NA	NA
GCF_056270745.1_SMC-CZA-R-PA07	NA	NZ_CM149887.1	36192	36977	-	blaOXA-395	OXA-50 family oxacillin-hydrolyzing class D beta-lactamase OXA-395	core	AMR	AMR	BETA-LACTAM	BETA-LACTAM	ALLELEX	262	262	100.00	100.00	262	WP_015649877.1	OXA-50 family oxacillin-hydrolyzing class D beta-lactamase OXA-395	NA	NA
GCF_056270745.1_SMC-CZA-R-PA07	NA	NZ_CM149887.1	700353	702614	+	parC_S87L	Pseudomonas aeruginosa quinolone resistant ParC	core	AMR	POINT	QUINOLONE	QUINOLONE	POINTX	754	754	100.00	99.87	754	WP_003095687.1	DNA topoisomerase IV subunit A ParC	NA	NA
GCF_056270745.1_SMC-CZA-R-PA07	NA	NZ_CM149887.1	907029	908459	-	pmrB_V15I	Pseudomonas aeruginosa colistin resistant PmrB	core	AMR	POINT	COLISTIN	COLISTIN	POINTX	477	477	100.00	98.74	477	WP_003112923.1	two-component system sensor histidine kinase PmrB	NA	NA
GCF_056270745.1_SMC-CZA-R-PA07	NA	NZ_CM149887.1	1745991	1746626	-	catB7	type B-4 chloramphenicol O-acetyltransferase CatB7	core	AMR	AMR	PHENICOL	CHLORAMPHENICOL	BLASTX	212	212	100.00	99.06	212	WP_003112709.1	type B-4 chloramphenicol O-acetyltransferase CatB7	NA	NA
GCF_056270745.1_SMC-CZA-R-PA07	NA	NZ_CM149887.1	1763497	1764669	+	cmx	chloramphenicol efflux MFS transporter Cmx	core	AMR	AMR	PHENICOL	CHLORAMPHENICOL	EXACTX	391	391	100.00	100.00	391	WP_005297378.1	chloramphenicol efflux MFS transporter Cmx	NA	NA
GCF_056270745.1_SMC-CZA-R-PA07	NA	NZ_CM149887.1	1766275	1767123	-	sul1	sulfonamide-resistant dihydropteroate synthase Sul1	core	AMR	AMR	SULFONAMIDE	SULFONAMIDE	EXACTX	283	283	100.00	100.00	283	WP_000946487.1	sulfonamide-resistant dihydropteroate synthase Sul1	NA	NA
GCF_056270745.1_SMC-CZA-R-PA07	NA	NZ_CM149887.1	1769915	1770691	-	aph(3')-VIa	aminoglycoside O-phosphotransferase APH(3')-VIa	core	AMR	AMR	AMINOGLYCOSIDE	AMIKACIN/KANAMYCIN	BLASTX	259	259	100.00	99.23	259	WP_000422636.1	aminoglycoside O-phosphotransferase APH(3')-VIa	NA	NA
GCF_056270745.1_SMC-CZA-R-PA07	NA	NZ_CM149887.1	1777746	1778297	-	aac(6')-31	aminoglycoside N-acetyltransferase AAC(6')-31	core	AMR	AMR	AMINOGLYCOSIDE	AMINOGLYCOSIDE	BLASTX	184	184	100.00	98.37	184	WP_058124867.1	aminoglycoside N-acetyltransferase AAC(6')-31	NA	NA
GCF_056270745.1_SMC-CZA-R-PA07	NA	NZ_CM149887.1	1778428	1779255	-	blaOXA-1	oxacillin-hydrolyzing class D beta-lactamase OXA-1	core	AMR	AMR	BETA-LACTAM	CEPHALOSPORIN	ALLELEX	276	276	100.00	100.00	276	WP_001334766.1	oxacillin-hydrolyzing class D beta-lactamase OXA-1	NA	NA
GCF_056270745.1_SMC-CZA-R-PA07	NA	NZ_CM149887.1	1779377	1779907	-	ant(2'')-Ia	aminoglycoside nucleotidyltransferase ANT(2'')-Ia	core	AMR	AMR	AMINOGLYCOSIDE	GENTAMICIN/KANAMYCIN/TOBRAMYCIN	EXACTX	177	177	100.00	100.00	177	WP_000381802.1	aminoglycoside nucleotidyltransferase ANT(2'')-Ia	NA	NA
GCF_056270745.1_SMC-CZA-R-PA07	NA	NZ_CM149887.1	1782743	1783519	-	aph(3')-VIa	aminoglycoside O-phosphotransferase APH(3')-VIa	core	AMR	AMR	AMINOGLYCOSIDE	AMIKACIN/KANAMYCIN	BLASTX	259	259	100.00	99.23	259	WP_000422636.1	aminoglycoside O-phosphotransferase APH(3')-VIa	NA	NA
GCF_056270745.1_SMC-CZA-R-PA07	NA	NZ_CM149887.1	1790574	1791125	-	aac(6')-31	aminoglycoside N-acetyltransferase AAC(6')-31	core	AMR	AMR	AMINOGLYCOSIDE	AMINOGLYCOSIDE	BLASTX	184	184	100.00	98.37	184	WP_058124867.1	aminoglycoside N-acetyltransferase AAC(6')-31	NA	NA
GCF_056270745.1_SMC-CZA-R-PA07	NA	NZ_CM149887.1	1791256	1792083	-	blaOXA-1	oxacillin-hydrolyzing class D beta-lactamase OXA-1	core	AMR	AMR	BETA-LACTAM	CEPHALOSPORIN	ALLELEX	276	276	100.00	100.00	276	WP_001334766.1	oxacillin-hydrolyzing class D beta-lactamase OXA-1	NA	NA
GCF_056270745.1_SMC-CZA-R-PA07	NA	NZ_CM149887.1	1792205	1792735	-	ant(2'')-Ia	aminoglycoside nucleotidyltransferase ANT(2'')-Ia	core	AMR	AMR	AMINOGLYCOSIDE	GENTAMICIN/KANAMYCIN/TOBRAMYCIN	EXACTX	177	177	100.00	100.00	177	WP_000381802.1	aminoglycoside nucleotidyltransferase ANT(2'')-Ia	NA	NA
GCF_056270745.1_SMC-CZA-R-PA07	NA	NZ_CM149887.1	2138181	2139493	-	oprD_N394TfsTer37	Pseudomonas aeruginosa carbapenem resistant OprD	core	AMR	POINT_DISRUPT	BETA-LACTAM	CARBAPENEM	POINTX	437	443	100.00	93.39	439	WP_003112576.1	outer membrane porin OprD	NA	NA
GCF_056270745.1_SMC-CZA-R-PA07	NA	NZ_CM149887.1	2315601	2316005	+	fosA	FosA family fosfomycin resistance glutathione transferase	core	AMR	AMR	FOSFOMYCIN	FOSFOMYCIN	INTERNAL_STOP	135	135	100.00	98.52	135	WP_003082280.1	FosA family fosfomycin resistance glutathione transferase	NA	NA
GCF_056270745.1_SMC-CZA-R-PA07	NA	NZ_CM149887.1	4882204	4884966	-	gyrA_T83I	Pseudomonas aeruginosa quinolone resistant GyrA	core	AMR	POINT	QUINOLONE	QUINOLONE	POINTX	921	923	100.00	99.13	923	WP_003091448.1	DNA gyrase subunit A GyrA	NA	NA
GCF_056270745.1_SMC-CZA-R-PA07	NA	NZ_CM149887.1	5551009	5551647	+	nalC_G71E	Pseudomonas aeruginosa carbapenem resistant NalC	core	AMR	POINT	BETA-LACTAM	CARBAPENEM	POINTX	213	213	100.00	99.53	213	WP_003113837.1	efflux system transcriptional repressor NalC	NA	NA
GCF_056270745.1_SMC-CZA-R-PA07	NA	NZ_CM149887.1	6110132	6111322	+	blaPDC-3	extended-spectrum class C beta-lactamase PDC-3	core	AMR	AMR	BETA-LACTAM	CEPHALOSPORIN	ALLELEX	397	397	100.00	100.00	397	WP_003121934.1	extended-spectrum class C beta-lactamase PDC-3	NA	NA
GCF_056270745.1_SMC-CZA-R-PA07	NA	NZ_CM149887.1	6123671	6124474	-	aph(3')-IIb	aminoglycoside O-phosphotransferase APH(3')-IIb	core	AMR	AMR	AMINOGLYCOSIDE	KANAMYCIN	BLASTX	268	268	100.00	99.25	268	WP_003113011.1	aminoglycoside O-phosphotransferase APH(3')-IIb	NA	NA
GCF_056270745.1_SMC-CZA-R-PA07	NA	NZ_CM149887.1	7116110	7118527	-	gyrB_E468D	Pseudomonas aeruginosa quinolone resistant GyrB	core	AMR	POINT	QUINOLONE	QUINOLONE	POINTX	806	806	100.00	99.88	806	WP_003097268.1	DNA topoisomerase (ATP-hydrolyzing) subunit B GyrB	NA	NA
GCF_056782815.1_ASM5678281v1	NA	NZ_CM165583.1	914584	915387	+	aph(3')-IIb	aminoglycoside O-phosphotransferase APH(3')-IIb	core	AMR	AMR	AMINOGLYCOSIDE	KANAMYCIN	BLASTX	268	268	100.00	99.25	268	WP_003113011.1	aminoglycoside O-phosphotransferase APH(3')-IIb	NA	NA
GCF_056782815.1_ASM5678281v1	NA	NZ_CM165583.1	927736	928926	-	blaPDC-3	extended-spectrum class C beta-lactamase PDC-3	core	AMR	AMR	BETA-LACTAM	CEPHALOSPORIN	ALLELEX	397	397	100.00	100.00	397	WP_003121934.1	extended-spectrum class C beta-lactamase PDC-3	NA	NA
GCF_056782815.1_ASM5678281v1	NA	NZ_CM165583.1	1488920	1489555	-	catB7	type B-4 chloramphenicol O-acetyltransferase CatB7	core	AMR	AMR	PHENICOL	CHLORAMPHENICOL	BLASTX	212	212	100.00	99.06	212	WP_003112709.1	type B-4 chloramphenicol O-acetyltransferase CatB7	NA	NA
GCF_056782815.1_ASM5678281v1	NA	NZ_CM165583.1	2194640	2197402	+	gyrA_T83I	Pseudomonas aeruginosa quinolone resistant GyrA	core	AMR	POINT	QUINOLONE	QUINOLONE	POINTX	921	923	100.00	99.02	923	WP_003091448.1	DNA gyrase subunit A GyrA	NA	NA
GCF_056782815.1_ASM5678281v1	NA	NZ_CM165583.1	2614553	2615386	-	aph(6)-Id	aminoglycoside O-phosphotransferase APH(6)-Id	core	AMR	AMR	AMINOGLYCOSIDE	STREPTOMYCIN	EXACTX	278	278	100.00	100.00	278	WP_000480968.1	aminoglycoside O-phosphotransferase APH(6)-Id	NA	NA
GCF_056782815.1_ASM5678281v1	NA	NZ_CM165583.1	2617376	2618563	-	tet(C)	tetracycline efflux MFS transporter Tet(C)	core	AMR	AMR	TETRACYCLINE	TETRACYCLINE	EXACTX	396	396	100.00	100.00	396	WP_001297013.1	tetracycline efflux MFS transporter Tet(C)	NA	NA
GCF_056782815.1_ASM5678281v1	NA	NZ_CM165583.1	2621953	2622282	+	qacL	quaternary ammonium compound efflux SMR transporter QacL	core	STRESS	BIOCIDE	QUATERNARY AMMONIUM	QUATERNARY AMMONIUM	EXACTX	110	110	100.00	100.00	110	WP_015059047.1	quaternary ammonium compound efflux SMR transporter QacL	NA	NA
GCF_056782815.1_ASM5678281v1	NA	NZ_CM165583.1	2622458	2622802	+	qacEdelta1	quaternary ammonium compound efflux SMR transporter QacE delta 1	core	STRESS	BIOCIDE	QUATERNARY AMMONIUM	QUATERNARY AMMONIUM	ALLELEX	115	115	100.00	100.00	115	WP_000679427.1	quaternary ammonium compound efflux SMR transporter QacE delta 1	NA	NA
GCF_056782815.1_ASM5678281v1	NA	NZ_CM165583.1	2622799	2623635	+	sul1	sulfonamide-resistant dihydropteroate synthase Sul1	core	AMR	AMR	SULFONAMIDE	SULFONAMIDE	EXACTX	279	279	100.00	100.00	279	WP_000259031.1	sulfonamide-resistant dihydropteroate synthase Sul1	NA	NA
GCF_056782815.1_ASM5678281v1	NA	NZ_CM165583.1	2627373	2628110	+	blaIMP-65	subclass B1 metallo-beta-lactamase IMP-65	core	AMR	AMR	BETA-LACTAM	CARBAPENEM	ALLELEX	246	246	100.00	100.00	246	WP_150823469.1	subclass B1 metallo-beta-lactamase IMP-65	NA	NA
GCF_056782815.1_ASM5678281v1	NA	NZ_CM165583.1	2628259	2628696	+	aacA34	aminoglycoside 6'-N-acetyltransferase AacA34	core	AMR	AMR	AMINOGLYCOSIDE	KANAMYCIN/TOBRAMYCIN	EXACTX	146	146	100.00	100.00	146	WP_052285801.1	aminoglycoside 6'-N-acetyltransferase AacA34	NA	NA
GCF_056782815.1_ASM5678281v1	NA	NZ_CM165583.1	2628817	2629161	+	qacEdelta1	quaternary ammonium compound efflux SMR transporter QacE delta 1	core	STRESS	BIOCIDE	QUATERNARY AMMONIUM	QUATERNARY AMMONIUM	ALLELEX	115	115	100.00	100.00	115	WP_000679427.1	quaternary ammonium compound efflux SMR transporter QacE delta 1	NA	NA
GCF_056782815.1_ASM5678281v1	NA	NZ_CM165583.1	2629158	2629994	+	sul1	sulfonamide-resistant dihydropteroate synthase Sul1	core	AMR	AMR	SULFONAMIDE	SULFONAMIDE	EXACTX	279	279	100.00	100.00	279	WP_000259031.1	sulfonamide-resistant dihydropteroate synthase Sul1	NA	NA
GCF_056782815.1_ASM5678281v1	NA	NZ_CM165583.1	2633749	2634582	-	aph(6)-Id	aminoglycoside O-phosphotransferase APH(6)-Id	core	AMR	AMR	AMINOGLYCOSIDE	STREPTOMYCIN	EXACTX	278	278	100.00	100.00	278	WP_000480968.1	aminoglycoside O-phosphotransferase APH(6)-Id	NA	NA
GCF_056782815.1_ASM5678281v1	NA	NZ_CM165583.1	2634585	2635385	-	aph(3'')-Ib	aminoglycoside O-phosphotransferase APH(3'')-Ib	core	AMR	AMR	AMINOGLYCOSIDE	STREPTOMYCIN	EXACTX	267	267	100.00	100.00	267	WP_001082319.1	aminoglycoside O-phosphotransferase APH(3'')-Ib	NA	NA
GCF_056782815.1_ASM5678281v1	NA	NZ_CM165583.1	3375526	3376389	+	blaCARB-2	PSE family carbenicillin-hydrolyzing class A beta-lactamase CARB-2	core	AMR	AMR	BETA-LACTAM	BETA-LACTAM	ALLELEX	288	288	100.00	100.00	288	WP_001931474.1	PSE family carbenicillin-hydrolyzing class A beta-lactamase CARB-2	NA	NA
GCF_056782815.1_ASM5678281v1	NA	NZ_CM165583.1	3376510	3377298	+	aadA2	ANT(3'')-Ia family aminoglycoside nucleotidyltransferase AadA2	core	AMR	AMR	AMINOGLYCOSIDE	STREPTOMYCIN	EXACTX	263	263	100.00	100.00	263	WP_001261740.1	ANT(3'')-Ia family aminoglycoside nucleotidyltransferase AadA2	NA	NA
GCF_056782815.1_ASM5678281v1	NA	NZ_CM165583.1	3377465	3377809	+	qacEdelta1	quaternary ammonium compound efflux SMR transporter QacE delta 1	core	STRESS	BIOCIDE	QUATERNARY AMMONIUM	QUATERNARY AMMONIUM	ALLELEX	115	115	100.00	100.00	115	WP_000679427.1	quaternary ammonium compound efflux SMR transporter QacE delta 1	NA	NA
GCF_056782815.1_ASM5678281v1	NA	NZ_CM165583.1	3377806	3378642	+	sul1	sulfonamide-resistant dihydropteroate synthase Sul1	core	AMR	AMR	SULFONAMIDE	SULFONAMIDE	EXACTX	279	279	100.00	100.00	279	WP_000259031.1	sulfonamide-resistant dihydropteroate synthase Sul1	NA	NA
GCF_056782815.1_ASM5678281v1	NA	NZ_CM165583.1	3378990	3379802	+	aph(3')-Ia	aminoglycoside O-phosphotransferase APH(3')-Ia	core	AMR	AMR	AMINOGLYCOSIDE	KANAMYCIN	EXACTX	271	271	100.00	100.00	271	WP_000018330.1	aminoglycoside O-phosphotransferase APH(3')-Ia	NA	NA
GCF_056782815.1_ASM5678281v1	NA	NZ_CM165583.1	3383155	3383685	+	ant(2'')-Ia	aminoglycoside nucleotidyltransferase ANT(2'')-Ia	core	AMR	AMR	AMINOGLYCOSIDE	GENTAMICIN/KANAMYCIN/TOBRAMYCIN	EXACTX	177	177	100.00	100.00	177	WP_000381802.1	aminoglycoside nucleotidyltransferase ANT(2'')-Ia	NA	NA
GCF_056782815.1_ASM5678281v1	NA	NZ_CM165583.1	3383943	3385199	+	cmlA6	chloramphenicol efflux MFS transporter CmlA6	core	AMR	AMR	PHENICOL	CHLORAMPHENICOL	ALLELEX	419	419	100.00	100.00	419	WP_001256773.1	chloramphenicol efflux MFS transporter CmlA6	NA	NA
GCF_056782815.1_ASM5678281v1	NA	NZ_CM165583.1	3385295	3386083	+	aadA15	ANT(3'')-Ia family aminoglycoside nucleotidyltransferase AadA15	core	AMR	AMR	AMINOGLYCOSIDE	STREPTOMYCIN	EXACTX	263	263	100.00	100.00	263	WP_025672409.1	ANT(3'')-Ia family aminoglycoside nucleotidyltransferase AadA15	NA	NA
GCF_056782815.1_ASM5678281v1	NA	NZ_CM165583.1	3386250	3386594	+	qacEdelta1	quaternary ammonium compound efflux SMR transporter QacE delta 1	core	STRESS	BIOCIDE	QUATERNARY AMMONIUM	QUATERNARY AMMONIUM	ALLELEX	115	115	100.00	100.00	115	WP_000679427.1	quaternary ammonium compound efflux SMR transporter QacE delta 1	NA	NA
GCF_056782815.1_ASM5678281v1	NA	NZ_CM165583.1	3386591	3387118	+	sul1	sulfonamide-resistant dihydropteroate synthase Sul1	core	AMR	AMR	SULFONAMIDE	SULFONAMIDE	PARTIALX	176	275	64.00	100.00	176	WP_063855066.1	sulfonamide-resistant dihydropteroate synthase Sul1	NA	NA
GCF_056782815.1_ASM5678281v1	NA	NZ_CM165583.1	3394272	3395072	+	aph(3'')-Ib	aminoglycoside O-phosphotransferase APH(3'')-Ib	core	AMR	AMR	AMINOGLYCOSIDE	STREPTOMYCIN	EXACTX	267	267	100.00	100.00	267	WP_010794532.1	aminoglycoside O-phosphotransferase APH(3'')-Ib	NA	NA
GCF_056782815.1_ASM5678281v1	NA	NZ_CM165583.1	3395075	3395908	+	aph(6)-Id	aminoglycoside O-phosphotransferase APH(6)-Id	core	AMR	AMR	AMINOGLYCOSIDE	STREPTOMYCIN	EXACTX	278	278	100.00	100.00	278	WP_000480968.1	aminoglycoside O-phosphotransferase APH(6)-Id	NA	NA
GCF_056782815.1_ASM5678281v1	NA	NZ_CM165583.1	4921097	4921501	-	fosA	FosA family fosfomycin resistance glutathione transferase	core	AMR	AMR	FOSFOMYCIN	FOSFOMYCIN	INTERNAL_STOP	135	135	100.00	98.52	135	WP_003082280.1	FosA family fosfomycin resistance glutathione transferase	NA	NA
GCF_056782815.1_ASM5678281v1	NA	NZ_CM165583.1	5108990	5111509	+	oprD_Y73insTer95	Pseudomonas aeruginosa carbapenem resistant OprD	core	AMR	POINT_DISRUPT	BETA-LACTAM	CARBAPENEM	POINTX	840	443	100.00	93.45	443	WP_003112576.1	outer membrane porin OprD	NA	NA
GCF_056782815.1_ASM5678281v1	NA	NZ_CM165583.1	5185477	5186688	+	floR2	chloramphenicol/florfenicol efflux MFS transporter FloR2	core	AMR	AMR	PHENICOL	CHLORAMPHENICOL/FLORFENICOL	EXACTX	404	404	100.00	100.00	404	WP_000214125.1	chloramphenicol/florfenicol efflux MFS transporter FloR2	NA	NA
GCF_056782815.1_ASM5678281v1	NA	NZ_CM165583.1	5187628	5188800	+	tet(G)	tetracycline efflux MFS transporter Tet(G)	core	AMR	AMR	TETRACYCLINE	TETRACYCLINE	BLASTX	391	391	100.00	99.74	391	WP_001257840.1	tetracycline efflux MFS transporter Tet(G)	NA	NA
GCF_056782815.1_ASM5678281v1	NA	NZ_CM165583.1	5407568	5408206	+	nalC_G71E	Pseudomonas aeruginosa carbapenem resistant NalC	core	AMR	POINT	BETA-LACTAM	CARBAPENEM	POINTX	213	213	100.00	99.53	213	WP_003113837.1	efflux system transcriptional repressor NalC	NA	NA
GCF_056782815.1_ASM5678281v1	NA	NZ_CM165583.1	6216875	6218305	+	pmrB_V15I	Pseudomonas aeruginosa colistin resistant PmrB	core	AMR	POINT	COLISTIN	COLISTIN	POINTX	477	477	100.00	98.74	477	WP_003112923.1	two-component system sensor histidine kinase PmrB	NA	NA
GCF_056782815.1_ASM5678281v1	NA	NZ_CM165583.1	6422720	6424981	-	parC_S87L	Pseudomonas aeruginosa quinolone resistant ParC	core	AMR	POINT	QUINOLONE	QUINOLONE	POINTX	754	754	100.00	99.87	754	WP_003095687.1	DNA topoisomerase IV subunit A ParC	NA	NA
GCF_056782815.1_ASM5678281v1	NA	NZ_CM165583.1	6924583	6925431	-	sul1	sulfonamide-resistant dihydropteroate synthase Sul1	core	AMR	AMR	SULFONAMIDE	SULFONAMIDE	EXACTX	283	283	100.00	100.00	283	WP_000946487.1	sulfonamide-resistant dihydropteroate synthase Sul1	NA	NA
GCF_056782815.1_ASM5678281v1	NA	NZ_CM165583.1	6928267	6929019	+	ant(4')-IIb	aminoglycoside nucleotidyltransferase ANT(4')-IIb	core	AMR	AMR	AMINOGLYCOSIDE	AMIKACIN/KANAMYCIN/TOBRAMYCIN	BLASTX	251	251	100.00	99.20	251	WP_063840509.1	aminoglycoside nucleotidyltransferase ANT(4')-IIb	NA	NA
GCF_056782815.1_ASM5678281v1	NA	NZ_CM165583.1	6932352	6933524	-	tet(G)	tetracycline efflux MFS transporter Tet(G)	core	AMR	AMR	TETRACYCLINE	TETRACYCLINE	BLASTX	391	391	100.00	99.23	391	WP_001257840.1	tetracycline efflux MFS transporter Tet(G)	NA	NA
GCF_056782815.1_ASM5678281v1	NA	NZ_CM165583.1	6934464	6935675	-	floR2	chloramphenicol/florfenicol efflux MFS transporter FloR2	core	AMR	AMR	PHENICOL	CHLORAMPHENICOL/FLORFENICOL	EXACTX	404	404	100.00	100.00	404	WP_000214125.1	chloramphenicol/florfenicol efflux MFS transporter FloR2	NA	NA
GCF_056782815.1_ASM5678281v1	NA	NZ_CM165583.1	6936336	6936863	-	sul1	sulfonamide-resistant dihydropteroate synthase Sul1	core	AMR	AMR	SULFONAMIDE	SULFONAMIDE	PARTIALX	176	275	64.00	100.00	176	WP_063855066.1	sulfonamide-resistant dihydropteroate synthase Sul1	NA	NA
GCF_056782815.1_ASM5678281v1	NA	NZ_CM165583.1	6936860	6937204	-	qacEdelta1	quaternary ammonium compound efflux SMR transporter QacE delta 1	core	STRESS	BIOCIDE	QUATERNARY AMMONIUM	QUATERNARY AMMONIUM	ALLELEX	115	115	100.00	100.00	115	WP_000679427.1	quaternary ammonium compound efflux SMR transporter QacE delta 1	NA	NA
GCF_056782815.1_ASM5678281v1	NA	NZ_CM165583.1	6937371	6938159	-	aadA1	ANT(3'')-Ia family aminoglycoside nucleotidyltransferase AadA1	core	AMR	AMR	AMINOGLYCOSIDE	STREPTOMYCIN	EXACTX	263	263	100.00	100.00	263	WP_001209508.1	ANT(3'')-Ia family aminoglycoside nucleotidyltransferase AadA1	NA	NA
GCF_056782815.1_ASM5678281v1	NA	NZ_CM165583.1	6938179	6938976	-	blaOXA-10	oxacillin-hydrolyzing class D beta-lactamase OXA-10	core	AMR	AMR	BETA-LACTAM	CEPHALOSPORIN	ALLELEX	266	266	100.00	100.00	266	WP_000846390.1	oxacillin-hydrolyzing class D beta-lactamase OXA-10	NA	NA
GCF_056782815.1_ASM5678281v1	NA	NZ_CM165583.1	6939244	6940500	-	cmlA5	chloramphenicol efflux MFS transporter CmlA5	core	AMR	AMR	PHENICOL	CHLORAMPHENICOL	EXACTX	419	419	100.00	100.00	419	WP_012300772.1	chloramphenicol efflux MFS transporter CmlA5	NA	NA
GCF_056782815.1_ASM5678281v1	NA	NZ_CM165583.1	6940824	6941273	-	arr-2	NAD(+)--rifampin ADP-ribosyltransferase Arr-2	core	AMR	AMR	RIFAMYCIN	RIFAMYCIN	ALLELEX	150	150	100.00	100.00	150	WP_000237816.1	NAD(+)--rifampin ADP-ribosyltransferase Arr-2	NA	NA
GCF_056782815.1_ASM5678281v1	NA	NZ_CM165583.1	6941361	6941891	-	ant(2'')-Ia	aminoglycoside nucleotidyltransferase ANT(2'')-Ia	core	AMR	AMR	AMINOGLYCOSIDE	GENTAMICIN/KANAMYCIN/TOBRAMYCIN	EXACTX	177	177	100.00	100.00	177	WP_000381802.1	aminoglycoside nucleotidyltransferase ANT(2'')-Ia	NA	NA
GCF_056782815.1_ASM5678281v1	NA	NZ_CM165583.1	6942039	6942935	-	blaVEB-1	inhibitor-resistant extended-spectrum class A beta-lactamase VEB-1	core	AMR	AMR	BETA-LACTAM	CEPHALOSPORIN	ALLELEX	299	299	100.00	100.00	299	WP_000706731.1	inhibitor-resistant extended-spectrum class A beta-lactamase VEB-1	NA	NA
GCF_056782815.1_ASM5678281v1	NA	NZ_CM165583.1	7223814	7224599	+	blaOXA-395	OXA-50 family oxacillin-hydrolyzing class D beta-lactamase OXA-395	core	AMR	AMR	BETA-LACTAM	BETA-LACTAM	ALLELEX	262	262	100.00	100.00	262	WP_015649877.1	OXA-50 family oxacillin-hydrolyzing class D beta-lactamase OXA-395	NA	NA
GCF_900497025.1_ASM90049702v1	NA	NZ_LS998783.1	990029	990832	+	aph(3')-IIb	aminoglycoside O-phosphotransferase APH(3')-IIb	core	AMR	AMR	AMINOGLYCOSIDE	KANAMYCIN	BLASTX	268	268	100.00	99.25	268	WP_003113011.1	aminoglycoside O-phosphotransferase APH(3')-IIb	NA	NA
GCF_900497025.1_ASM90049702v1	NA	NZ_LS998783.1	1003181	1004371	-	blaPDC-3	extended-spectrum class C beta-lactamase PDC-3	core	AMR	AMR	BETA-LACTAM	CEPHALOSPORIN	ALLELEX	397	397	100.00	100.00	397	WP_003121934.1	extended-spectrum class C beta-lactamase PDC-3	NA	NA
GCF_900497025.1_ASM90049702v1	NA	NZ_LS998783.1	1607521	1608159	-	nalC_G71E	Pseudomonas aeruginosa carbapenem resistant NalC	core	AMR	POINT	BETA-LACTAM	CARBAPENEM	POINTX	213	213	100.00	99.53	213	WP_003113837.1	efflux system transcriptional repressor NalC	NA	NA
GCF_900497025.1_ASM90049702v1	NA	NZ_LS998783.1	2195489	2198251	+	gyrA_T83I	Pseudomonas aeruginosa quinolone resistant GyrA	core	AMR	POINT	QUINOLONE	QUINOLONE	POINTX	921	923	100.00	99.13	923	WP_003091448.1	DNA gyrase subunit A GyrA	NA	NA
GCF_900497025.1_ASM90049702v1	NA	NZ_LS998783.1	2609073	2609822	+	blaGIM-1	subclass B1 metallo-beta-lactamase GIM-1	core	AMR	AMR	BETA-LACTAM	CARBAPENEM	ALLELEX	250	250	100.00	100.00	250	WP_015588753.1	subclass B1 metallo-beta-lactamase GIM-1	NA	NA
GCF_900497025.1_ASM90049702v1	NA	NZ_LS998783.1	2609854	2610405	+	aac(6')-Ib4	aminoglycoside N-acetyltransferase AAC(6')-Ib4	core	AMR	AMR	AMINOGLYCOSIDE	GENTAMICIN	ALLELEX	184	184	100.00	100.00	184	WP_003159191.1	aminoglycoside N-acetyltransferase AAC(6')-Ib4	NA	NA
GCF_900497025.1_ASM90049702v1	NA	NZ_LS998783.1	2611704	2612369	+	aadA1	ANT(3'')-Ia family aminoglycoside nucleotidyltransferase AadA1	core	AMR	AMR	AMINOGLYCOSIDE	STREPTOMYCIN	PARTIALX	222	263	84.41	99.55	222	WP_071846206.1	ANT(3'')-Ia family aminoglycoside nucleotidyltransferase AadA1	NA	NA
GCF_900497025.1_ASM90049702v1	NA	NZ_LS998783.1	2612449	2613273	+	blaOXA-2	oxacillin-hydrolyzing class D beta-lactamase OXA-2	core	AMR	AMR	BETA-LACTAM	BETA-LACTAM	ALLELEX	275	275	100.00	100.00	275	WP_001007673.1	oxacillin-hydrolyzing class D beta-lactamase OXA-2	NA	NA
GCF_900497025.1_ASM90049702v1	NA	NZ_LS998783.1	2613412	2613756	+	qacEdelta1	quaternary ammonium compound efflux SMR transporter QacE delta 1	core	STRESS	BIOCIDE	QUATERNARY AMMONIUM	QUATERNARY AMMONIUM	ALLELEX	115	115	100.00	100.00	115	WP_000679427.1	quaternary ammonium compound efflux SMR transporter QacE delta 1	NA	NA
GCF_900497025.1_ASM90049702v1	NA	NZ_LS998783.1	2613753	2614589	+	sul1	sulfonamide-resistant dihydropteroate synthase Sul1	core	AMR	AMR	SULFONAMIDE	SULFONAMIDE	EXACTX	279	279	100.00	100.00	279	WP_000259031.1	sulfonamide-resistant dihydropteroate synthase Sul1	NA	NA
GCF_900497025.1_ASM90049702v1	NA	NZ_LS998783.1	4913686	4914090	-	fosA	FosA family fosfomycin resistance glutathione transferase	core	AMR	AMR	FOSFOMYCIN	FOSFOMYCIN	INTERNAL_STOP	135	135	100.00	98.52	135	WP_003082280.1	FosA family fosfomycin resistance glutathione transferase	NA	NA
GCF_900497025.1_ASM90049702v1	NA	NZ_LS998783.1	5424167	5424802	+	catB7	type B-4 chloramphenicol O-acetyltransferase CatB7	core	AMR	AMR	PHENICOL	CHLORAMPHENICOL	BLASTX	212	212	100.00	99.06	212	WP_003112709.1	type B-4 chloramphenicol O-acetyltransferase CatB7	NA	NA
GCF_900497025.1_ASM90049702v1	NA	NZ_LS998783.1	6219488	6220918	+	pmrB_V15I	Pseudomonas aeruginosa colistin resistant PmrB	core	AMR	POINT	COLISTIN	COLISTIN	POINTX	477	477	100.00	98.74	477	WP_003112923.1	two-component system sensor histidine kinase PmrB	NA	NA
GCF_900497025.1_ASM90049702v1	NA	NZ_LS998783.1	6425316	6427577	-	parC_S87L	Pseudomonas aeruginosa quinolone resistant ParC	core	AMR	POINT	QUINOLONE	QUINOLONE	POINTX	754	754	100.00	99.87	754	WP_003095687.1	DNA topoisomerase IV subunit A ParC	NA	NA
GCF_900497025.1_ASM90049702v1	NA	NZ_LS998783.1	7134942	7135727	+	blaOXA-395	OXA-50 family oxacillin-hydrolyzing class D beta-lactamase OXA-395	core	AMR	AMR	BETA-LACTAM	BETA-LACTAM	ALLELEX	262	262	100.00	100.00	262	WP_015649877.1	OXA-50 family oxacillin-hydrolyzing class D beta-lactamase OXA-395	NA	NA
